Ontology ID	Label	Obsolete
ID	A rdfs:label	AT owl:deprecated^^xsd:boolean
http://purl.obolibrary.org/obo/XPO_0103585	obsolete decreased number of forelimb digit 2	true
http://purl.obolibrary.org/obo/XPO_0103586	obsolete decreased number of forelimb digit 3	true
http://purl.obolibrary.org/obo/XPO_0103587	obsolete decreased number of forelimb digit 4	true
http://purl.obolibrary.org/obo/XPO_0103588	obsolete decreased number of forelimb digit 5	true
http://purl.obolibrary.org/obo/XPO_0103590	obsolete decreased number of hindlimb digit 1	true
http://purl.obolibrary.org/obo/XPO_0103591	obsolete decreased number of hindlimb digit 2	true
http://purl.obolibrary.org/obo/XPO_0103592	obsolete decreased number of hindlimb digit 3	true
http://purl.obolibrary.org/obo/XPO_0103593	obsolete decreased number of hindlimb digit 4	true
http://purl.obolibrary.org/obo/XPO_0103594	obsolete decreased number of hindlimb digit 5	true
http://purl.obolibrary.org/obo/XPO_0103835	obsolete decreased number of autopod in the regenerating forelimb	true
http://purl.obolibrary.org/obo/XPO_0103840	obsolete decreased number of autopod in the regenerating hindlimb	true
http://purl.obolibrary.org/obo/XPO_0107424	obsolete abnormal morphology of ventro-lateral region	true
http://purl.obolibrary.org/obo/XPO_0107425	obsolete abnormal morphology of dorso-lateral region	true
http://purl.obolibrary.org/obo/XPO_0115309	obsolete abnormal(ly) open of brain (T)	true
http://purl.obolibrary.org/obo/XPO_0115318	obsolete abnormal(ly) separated from of epidermis outer layer (T)	true
http://purl.obolibrary.org/obo/XPO_0115321	obsolete abnormal(ly) normal amount of ciliated epidermal cell (T)	true
http://purl.obolibrary.org/obo/XPO_0115330	obsolete abnormal(ly) transformed to of neuroectoderm (T)	true
http://purl.obolibrary.org/obo/XPO_0115522	obsolete abnormal(ly) condensed of head (T)	true
http://purl.obolibrary.org/obo/XPO_0115690	obsolete abnormal(ly) normal amount of retinal cone cell (T)	true
http://purl.obolibrary.org/obo/XPO_0115691	obsolete abnormal(ly) normal amount of retinal rod cell (T)	true
http://purl.obolibrary.org/obo/XPO_0115697	obsolete abnormal(ly) normal amount of angioblast (T)	true
http://purl.obolibrary.org/obo/XPO_0115764	obsolete abnormal(ly) dissociated from of epidermal cell (T)	true
http://purl.obolibrary.org/obo/XPO_0116141	obsolete abnormal(ly) normal amount of migratory neural crest cell in tail region (T)	true
http://purl.obolibrary.org/obo/XPO_0116142	obsolete abnormal(ly) normal amount of hindlimb in digit (T)	true
http://purl.obolibrary.org/obo/XPO_0116143	obsolete abnormal(ly) normal amount of regenerating hindlimb in digit (T)	true
http://purl.obolibrary.org/obo/XPO_0115343	obsolete abnormal(ly) fused with of somite (T)	true
http://purl.obolibrary.org/obo/XPO_0115577	obsolete abnormal(ly) fused with of hindlimb digit (T)	true
http://purl.obolibrary.org/obo/XPO_0115701	obsolete abnormal(ly) fused with of anterior branchial crest (T)	true
http://purl.obolibrary.org/obo/XPO_0115739	obsolete abnormal(ly) fused with of hindlimb digit 2 (T)	true
http://purl.obolibrary.org/obo/XPO_0116014	obsolete abnormal(ly) fused with of somite in left side (T)	true
http://purl.obolibrary.org/obo/XPO_0116015	obsolete abnormal(ly) fused with of forelimb in digit (T)	true
http://purl.obolibrary.org/obo/XPO_0116016	obsolete abnormal(ly) fused with of forelimb digit 2 in metacarpus (T)	true
http://purl.obolibrary.org/obo/XPO_0116017	obsolete abnormal(ly) fused with of hindlimb in tarsus (T)	true
http://purl.obolibrary.org/obo/XPO_0116018	obsolete abnormal(ly) fused with of hindlimb digit 2 in metatarsus (T)	true
http://purl.obolibrary.org/obo/XPO_0116019	obsolete abnormal(ly) fused with of regenerating hindlimb in tibia-fibula (T)	true
http://purl.obolibrary.org/obo/XPO_0116020	obsolete abnormal(ly) fused with of regenerating hindlimb in spike (T)	true
http://purl.obolibrary.org/obo/XPO_0116021	obsolete abnormal(ly) fused with of eye in left (T)	true
http://purl.obolibrary.org/obo/XPO_0116022	obsolete abnormal(ly) fused with of optic stalk in left (T)	true
http://purl.obolibrary.org/obo/XPO_0116023	obsolete abnormal(ly) fused with of eye in right (T)	true
http://purl.obolibrary.org/obo/XPO_0116024	obsolete abnormal(ly) fused with of olfactory pit in right (T)	true
http://purl.obolibrary.org/obo/XPO_0103703	obsolete abnormal bending of dorsal tail	true
http://purl.obolibrary.org/obo/XPO_0103788	obsolete abnormally blistered ventral trunk	true
http://purl.obolibrary.org/obo/XPO_0103782	obsolete abnormally blistered epidermis in trunk	true
http://purl.obolibrary.org/obo/XPO_0103787	obsolete abnormally blistered anterior dorsal fin	true
http://purl.obolibrary.org/obo/XPO_0116042	obsolete abnormal(ly) truncated of anterior in embryo (T)	true
http://purl.obolibrary.org/obo/XPO_0116043	obsolete abnormal(ly) truncated of posterior in tail (T)	true
http://purl.obolibrary.org/obo/XPO_0115554	obsolete abnormal(ly) circular of mouth (T)	true
http://purl.obolibrary.org/obo/XPO_0115557	obsolete abnormal(ly) triangular of mouth (T)	true
http://purl.obolibrary.org/obo/XPO_0116045	obsolete abnormal(ly) disorganized of muscle fiber development in skeletal muscle (T)	true
http://purl.obolibrary.org/obo/XPO_0116044	obsolete abnormal(ly) disorganized of myofibril assembly in heart (T)	true
http://purl.obolibrary.org/obo/XPO_0116046	obsolete abnormal(ly) disorganized of regenerating tail in neuron (T)	true
http://purl.obolibrary.org/obo/XPO_0115644	obsolete abnormal(ly) surrounding of retinal pigmented epithelium (T)	true
http://purl.obolibrary.org/obo/XPO_0115852	obsolete abnormal(ly) quality of hindlimb in metacarpus (T)	true
http://purl.obolibrary.org/obo/XPO_0115884	obsolete abnormal(ly) quality of metacarpus in hindlimb digit 5 (T)	true
http://purl.obolibrary.org/obo/XPO_0107277	obsolete abnormal ventral region	true
http://purl.obolibrary.org/obo/XPO_0103671	obsolete malformed dorsal region	true
http://purl.obolibrary.org/obo/XPO_0107274	obsolete abnormal anterior region	true
http://purl.obolibrary.org/obo/XPO_0103668	obsolete malformed ventral region	true
http://purl.obolibrary.org/obo/XPO_0107275	obsolete abnormal posterior region	true
http://purl.obolibrary.org/obo/XPO_0103666	obsolete malformed posterior region	true
http://purl.obolibrary.org/obo/XPO_0107279	obsolete abnormal antero-dorsal region	true
http://purl.obolibrary.org/obo/XPO_0107338	obsolete abnormal dorso-lateral region	true
http://purl.obolibrary.org/obo/XPO_0107280	obsolete abnormal antero-ventral region	true
http://purl.obolibrary.org/obo/XPO_0107281	obsolete abnormal postero-dorsal region	true
http://purl.obolibrary.org/obo/XPO_0107337	obsolete abnormal ventro-lateral region	true
http://purl.obolibrary.org/obo/XPO_0107282	obsolete abnormal postero-ventral region	true
http://purl.obolibrary.org/obo/XPO_0107360	obsolete abnormal morphology of basal region	true
http://purl.obolibrary.org/obo/XPO_0103765	obsolete increased size of the dorsal region	true
http://purl.obolibrary.org/obo/XPO_0107358	obsolete abnormal morphology of apical region	true
http://purl.obolibrary.org/obo/XPO_0107363	obsolete abnormal morphology of dorsal region	true
http://purl.obolibrary.org/obo/XPO_0107365	obsolete abnormal morphology of medial region	true
http://purl.obolibrary.org/obo/XPO_0103581	obsolete decreased length of posterior region	true
http://purl.obolibrary.org/obo/XPO_0107364	obsolete abnormal morphology of ventral region	true
http://purl.obolibrary.org/obo/XPO_0103763	obsolete increased size of the anterior region	true
http://purl.obolibrary.org/obo/XPO_0107361	obsolete abnormal morphology of anterior region	true
http://purl.obolibrary.org/obo/XPO_0107362	obsolete abnormal morphology of posterior region	true
http://purl.obolibrary.org/obo/XPO_0107366	obsolete abnormal morphology of antero-dorsal region	true
http://purl.obolibrary.org/obo/XPO_0103764	obsolete increased size of the antero-ventral region	true
http://purl.obolibrary.org/obo/XPO_0107367	obsolete abnormal morphology of antero-ventral region	true
http://purl.obolibrary.org/obo/XPO_0107368	obsolete abnormal morphology of postero-dorsal region	true
http://purl.obolibrary.org/obo/XPO_0103768	obsolete increased size of the postero-ventral region	true
http://purl.obolibrary.org/obo/XPO_0107369	obsolete abnormal morphology of postero-ventral region	true
http://purl.obolibrary.org/obo/XPO_0103710	obsolete increased pigmentation in the antero-ventral region	true
http://purl.obolibrary.org/obo/XPO_0103678	obsolete malformed Meckel's cartilage in left side	true
http://purl.obolibrary.org/obo/XPO_0103677	obsolete malformed cartilage element in head	true
http://purl.obolibrary.org/obo/XPO_0103671	obsolete malformed dorsal region	true
http://purl.obolibrary.org/obo/XPO_0103658	obsolete malformed left eye	true
http://purl.obolibrary.org/obo/XPO_0103660	obsolete malformed left inner ear	true
http://purl.obolibrary.org/obo/XPO_0103662	obsolete malformed left olfactory pit	true
http://purl.obolibrary.org/obo/XPO_0103664	obsolete malformed left optic vesicle	true
http://purl.obolibrary.org/obo/XPO_0103669	obsolete malformed left part of brain	true
http://purl.obolibrary.org/obo/XPO_0103656	obsolete malformed left part of branchial arch skeleton	true
http://purl.obolibrary.org/obo/XPO_0103666	obsolete malformed posterior region	true
http://purl.obolibrary.org/obo/XPO_0103659	obsolete malformed right eye 	true
http://purl.obolibrary.org/obo/XPO_0103661	obsolete malformed right inner ear	true
http://purl.obolibrary.org/obo/XPO_0103663	obsolete malformed right olfactory pit	true
http://purl.obolibrary.org/obo/XPO_0103665	obsolete malformed right optic vesicle	true
http://purl.obolibrary.org/obo/XPO_0103670	obsolete malformed right part of brain	true
http://purl.obolibrary.org/obo/XPO_0103657	obsolete malformed right part of branchial arch skeleton	true
http://purl.obolibrary.org/obo/XPO_0103679	obsolete malformed tarsus in regenerating hindlimb	true
http://purl.obolibrary.org/obo/XPO_0103668	obsolete malformed ventral region	true
http://purl.obolibrary.org/obo/XPO_0103667	obsolete malformed ventral trunk	true
http://purl.obolibrary.org/obo/XPO_0116035	obsolete abnormal(ly) malformed of Meckel's cartilage in left (T)	true
http://purl.obolibrary.org/obo/XPO_0116030	obsolete abnormal(ly) malformed of brain in left (T)	true
http://purl.obolibrary.org/obo/XPO_0116036	obsolete abnormal(ly) malformed of branchial arch skeleton in left (T)	true
http://purl.obolibrary.org/obo/XPO_0116027	obsolete abnormal(ly) malformed of epithelium in foregut (T)	true
http://purl.obolibrary.org/obo/XPO_0116031	obsolete abnormal(ly) malformed of eye in left (T)	true
http://purl.obolibrary.org/obo/XPO_0116026	obsolete abnormal(ly) malformed of eye in lens (T)	true
http://purl.obolibrary.org/obo/XPO_0116037	obsolete abnormal(ly) malformed of eye in right (T)	true
http://purl.obolibrary.org/obo/XPO_0116032	obsolete abnormal(ly) malformed of inner ear in left (T)	true
http://purl.obolibrary.org/obo/XPO_0116038	obsolete abnormal(ly) malformed of inner ear in right (T)	true
http://purl.obolibrary.org/obo/XPO_0116034	obsolete abnormal(ly) malformed of olfactory pit in left (T)	true
http://purl.obolibrary.org/obo/XPO_0116033	obsolete abnormal(ly) malformed of optic vesicle in left (T)	true
http://purl.obolibrary.org/obo/XPO_0116029	obsolete abnormal(ly) malformed of ventral in trunk (T)	true
http://purl.obolibrary.org/obo/XPO_0116167	obsolete abnormal(ly) incomplete structure of cartilage element in head (T)	true
http://purl.obolibrary.org/obo/XPO_0115724	obsolete abnormal(ly) incomplete structure of basihyal (T)	true
http://purl.obolibrary.org/obo/XPO_0116166	obsolete abnormal(ly) incomplete structure of cartilage element in branchial arch (T)	true
http://purl.obolibrary.org/obo/XPO_0115708	obsolete abnormal(ly) incomplete structure of ceratohyal (T)	true
http://purl.obolibrary.org/obo/XPO_0115729	obsolete abnormal(ly) incomplete structure of infrarostral (T)	true
http://purl.obolibrary.org/obo/XPO_0115608	obsolete abnormal(ly) incomplete structure of Meckel's cartilage (T)	true
http://purl.obolibrary.org/obo/XPO_0115731	obsolete abnormal(ly) incomplete structure of palatoquadrati (T)	true
http://purl.obolibrary.org/obo/XPO_0115734	obsolete abnormal(ly) incomplete structure of trabecula cranii (T)	true
http://purl.obolibrary.org/obo/XPO_0115948	obsolete abnormal(ly) absent of eye in left (T)	true
http://purl.obolibrary.org/obo/XPO_0115851	obsolete abnormal(ly) quality of heart in left atrium (T)	true
http://purl.obolibrary.org/obo/XPO_0116071	obsolete abnormal(ly) duplicated of eye in left (T)	true
http://purl.obolibrary.org/obo/XPO_0115949	obsolete abnormal(ly) absent of inner ear in left (T)	true
http://purl.obolibrary.org/obo/XPO_0116070	obsolete abnormal(ly) duplicated of brain in left (T)	true
http://purl.obolibrary.org/obo/XPO_0115997	obsolete abnormal(ly) increased size of eye in left (T)	true
http://purl.obolibrary.org/obo/XPO_0116082	obsolete abnormal(ly) bifurcated of hindlimb in left (T)	true
http://purl.obolibrary.org/obo/XPO_0116072	obsolete abnormal(ly) duplicated of forelimb in left (T)	true
http://purl.obolibrary.org/obo/XPO_0115950	obsolete abnormal(ly) absent of olfactory pit in left (T)	true
http://purl.obolibrary.org/obo/XPO_0116162	obsolete abnormal(ly) oblique orientation of heart in left atrium (T)	true
http://purl.obolibrary.org/obo/XPO_0116000	obsolete abnormal(ly) decreased size of branchial arch skeleton in left (T)	true
http://purl.obolibrary.org/obo/XPO_0103469	obsolete bifurcated anterior-posterior axis	true
http://purl.obolibrary.org/obo/XPO_0103651	obsolete decreased number of multiciliated cell in the epidermis outer layer	true
http://purl.obolibrary.org/obo/XPO_0103403	obsolete increased number of multiciliated cell in the epidermis inner layer	true
http://purl.obolibrary.org/obo/XPO_0115399	obsolete abnormal(ly) uncoiled of small intestine (T)	true
http://purl.obolibrary.org/obo/XPO_0115765	obsolete abnormal(ly) uncoiled of external coil of the small intestine (T)	true
http://purl.obolibrary.org/obo/XPO_0115767	obsolete abnormal(ly) uncoiled of internal coil of the small intestine (T)	true
http://purl.obolibrary.org/obo/XPO_0116484	obsolete abnormal sensory organ development	true
http://purl.obolibrary.org/obo/XPO_0116437	obsolete abnormal camera-type eye development	true
http://purl.obolibrary.org/obo/XPO_0116474	obsolete abnormal nose development	true
http://purl.obolibrary.org/obo/XPO_0115828	obsolete duplicated left eye	true
http://purl.obolibrary.org/obo/XPO_0115829	obsolete duplicated right eye	true
http://purl.obolibrary.org/obo/XPO_0115831	obsolete duplicated left part of brain	true
http://purl.obolibrary.org/obo/XPO_0115832	obsolete duplicated right part of brain	true
http://purl.obolibrary.org/obo/XPO_0115806	obsolete duplicated left hindlimb	true
http://purl.obolibrary.org/obo/XPO_0115807	obsolete duplicated right hindlimb	true
http://purl.obolibrary.org/obo/XPO_0115808	obsolete duplicated left forelimb	true
http://purl.obolibrary.org/obo/XPO_0115809	obsolete duplicated right forelimb	true
http://purl.obolibrary.org/obo/XPO_0103901	obsolete absent left eye	true
http://purl.obolibrary.org/obo/XPO_0103902	obsolete absent left inner ear	true
http://purl.obolibrary.org/obo/XPO_0103903	obsolete absent left olfactory pit	true
http://purl.obolibrary.org/obo/XPO_0103904	obsolete absent right eye	true
http://purl.obolibrary.org/obo/XPO_0103905	obsolete absent right inner ear	true
http://purl.obolibrary.org/obo/XPO_0103906	obsolete absent right olfactory pit	true
http://purl.obolibrary.org/obo/XPO_0107400	obsolete abnormal left eye morphology	true
http://purl.obolibrary.org/obo/XPO_0107416	obsolete abnormal left forelimb morphology	true
http://purl.obolibrary.org/obo/XPO_0107418	obsolete abnormal left hindlimb morphology	true
http://purl.obolibrary.org/obo/XPO_0107402	obsolete abnormal left inner ear morphology	true
http://purl.obolibrary.org/obo/XPO_0107396	obsolete abnormal left olfactory pit morphology	true
http://purl.obolibrary.org/obo/XPO_0107422	obsolete abnormal left part of brain morphology	true
http://purl.obolibrary.org/obo/XPO_0107414	obsolete abnormal left part of branchial arch skeleton morphology	true
http://purl.obolibrary.org/obo/XPO_0107401	obsolete abnormal right eye morphology	true
http://purl.obolibrary.org/obo/XPO_0107417	obsolete abnormal right forelimb morphology	true
http://purl.obolibrary.org/obo/XPO_0107419	obsolete abnormal right hindlimb morphology	true
http://purl.obolibrary.org/obo/XPO_0107403	obsolete abnormal right inner ear morphology	true
http://purl.obolibrary.org/obo/XPO_0107397	obsolete abnormal right olfactory pit morphology	true
http://purl.obolibrary.org/obo/XPO_0107423	obsolete abnormal right part of brain morphology	true
http://purl.obolibrary.org/obo/XPO_0107415	obsolete abnormal right part of branchial arch skeleton morphology	true
http://purl.obolibrary.org/obo/XPO_0103767	obsolete increased size of the left eye	true
http://purl.obolibrary.org/obo/XPO_0103456	obsolete bifurcated left forelimb	true
http://purl.obolibrary.org/obo/XPO_0103454	obsolete bifurcated left hindlimb	true
http://purl.obolibrary.org/obo/XPO_0103437	obsolete decreased size of the left part of branchial arch skeleton	true
http://purl.obolibrary.org/obo/XPO_0103760	obsolete increased size of the left part of branchial arch skeleton	true
http://purl.obolibrary.org/obo/XPO_0103769	obsolete increased size of the right eye	true
http://purl.obolibrary.org/obo/XPO_0103457	obsolete bifurcated right forelimb	true
http://purl.obolibrary.org/obo/XPO_0103455	obsolete bifurcated right hindlimb	true
http://purl.obolibrary.org/obo/XPO_0103439	obsolete decreased size of the right part of branchial arch skeleton	true
http://purl.obolibrary.org/obo/XPO_0103762	obsolete increased size of the right part of branchial arch skeleton	true
http://purl.obolibrary.org/obo/XPO_0116432	obsolete abnormal animal organ development	true
http://purl.obolibrary.org/obo/XPO_0116452	obsolete abnormal embryonic organ development	true
http://purl.obolibrary.org/obo/XPO_0116459	obsolete abnormal gland development	true
http://purl.obolibrary.org/obo/XPO_0116463	obsolete abnormal hemopoietic or lymphoid organ development	true
http://purl.obolibrary.org/obo/XPO_0116473	obsolete abnormal neural crest cell development	true
http://purl.obolibrary.org/obo/XPO_0116478	obsolete abnormal pharyngeal system development	true
http://purl.obolibrary.org/obo/XPO_0116481	obsolete abnormal renal system development	true
http://purl.obolibrary.org/obo/XPO_0116483	obsolete abnormal respiratory tube development	true
http://purl.obolibrary.org/obo/XPO_0103924	obsolete decreased neural precursor cell proliferation in optic tectum	true
http://purl.obolibrary.org/obo/XPO_0115891	obsolete abnormal(ly) quality of hindlimb bud in dorsal margin (T)	true
http://purl.obolibrary.org/obo/XPO_0115502	obsolete abnormal(ly) wholly dorsalized of whole organism (T)	true
http://purl.obolibrary.org/obo/XPO_0115504	obsolete abnormal(ly) wholly ventralized of whole organism (T)	true
http://purl.obolibrary.org/obo/XPO_0115501	obsolete abnormal(ly) wholly anterioralized of whole organism (T)	true
http://purl.obolibrary.org/obo/XPO_0115503	obsolete abnormal(ly) wholly posterioralized of whole organism (T)	true
http://purl.obolibrary.org/obo/XPO_0116451	obsolete abnormal embryonic morphogenesis	true
http://purl.obolibrary.org/obo/XPO_0116479	obsolete abnormal post-anal tail morphogenesis	true
http://purl.obolibrary.org/obo/XPO_0116447	obsolete abnormal digestive tract morphogenesis	true
http://purl.obolibrary.org/obo/XPO_0137554	obsolete decreased apoptosis in cell part	true
http://purl.obolibrary.org/obo/XPO_0139105	obsolete decreased cell population proliferation in cell part	true
http://purl.obolibrary.org/obo/XPO_0134452	obsolete increased apoptosis in cell part	true
http://purl.obolibrary.org/obo/XPO_0136003	obsolete increased cell population proliferation in cell part	true
http://purl.obolibrary.org/obo/XPO_0136808	obsolete decreased apoptosis in equatorial belt	true
http://purl.obolibrary.org/obo/XPO_0138359	obsolete decreased cell population proliferation in equatorial belt	true
http://purl.obolibrary.org/obo/XPO_0133706	obsolete increased apoptosis in equatorial belt	true
http://purl.obolibrary.org/obo/XPO_0135257	obsolete increased cell population proliferation in equatorial belt	true
http://purl.obolibrary.org/obo/XPO_0136815	obsolete decreased apoptosis in germ plasm	true
http://purl.obolibrary.org/obo/XPO_0138366	obsolete decreased cell population proliferation in germ plasm	true
http://purl.obolibrary.org/obo/XPO_0133713	obsolete increased apoptosis in germ plasm	true
http://purl.obolibrary.org/obo/XPO_0135264	obsolete increased cell population proliferation in germ plasm	true
http://purl.obolibrary.org/obo/XPO_0136827	obsolete decreased apoptosis in mitochondrial cloud	true
http://purl.obolibrary.org/obo/XPO_0138378	obsolete decreased cell population proliferation in mitochondrial cloud	true
http://purl.obolibrary.org/obo/XPO_0133725	obsolete increased apoptosis in mitochondrial cloud	true
http://purl.obolibrary.org/obo/XPO_0135276	obsolete increased cell population proliferation in mitochondrial cloud	true
http://purl.obolibrary.org/obo/XPO_0136854	obsolete decreased apoptosis in sperm entry point	true
http://purl.obolibrary.org/obo/XPO_0138405	obsolete decreased cell population proliferation in sperm entry point	true
http://purl.obolibrary.org/obo/XPO_0133752	obsolete increased apoptosis in sperm entry point	true
http://purl.obolibrary.org/obo/XPO_0135303	obsolete increased cell population proliferation in sperm entry point	true
http://purl.obolibrary.org/obo/XPO_0137555	obsolete decreased apoptosis in wedge region	true
http://purl.obolibrary.org/obo/XPO_0139106	obsolete decreased cell population proliferation in wedge region	true
http://purl.obolibrary.org/obo/XPO_0134453	obsolete increased apoptosis in wedge region	true
http://purl.obolibrary.org/obo/XPO_0136004	obsolete increased cell population proliferation in wedge region	true
http://purl.obolibrary.org/obo/XPO_0137556	obsolete decreased apoptosis in ring structure	true
http://purl.obolibrary.org/obo/XPO_0139107	obsolete decreased cell population proliferation in ring structure	true
http://purl.obolibrary.org/obo/XPO_0134454	obsolete increased apoptosis in ring structure	true
http://purl.obolibrary.org/obo/XPO_0136005	obsolete increased cell population proliferation in ring structure	true
http://purl.obolibrary.org/obo/XPO_0137723	obsolete decreased apoptosis in zygote cortex	true
http://purl.obolibrary.org/obo/XPO_0139274	obsolete decreased cell population proliferation in zygote cortex	true
http://purl.obolibrary.org/obo/XPO_0134621	obsolete increased apoptosis in zygote cortex	true
http://purl.obolibrary.org/obo/XPO_0136172	obsolete increased cell population proliferation in zygote cortex	true
http://purl.obolibrary.org/obo/XPO_0137855	obsolete decreased apoptosis in ciliary axoneme	true
http://purl.obolibrary.org/obo/XPO_0139406	obsolete decreased cell population proliferation in ciliary axoneme	true
http://purl.obolibrary.org/obo/XPO_0134753	obsolete increased apoptosis in ciliary axoneme	true
http://purl.obolibrary.org/obo/XPO_0136304	obsolete increased cell population proliferation in ciliary axoneme	true
http://purl.obolibrary.org/obo/XPO_0137856	obsolete decreased apoptosis in basal body	true
http://purl.obolibrary.org/obo/XPO_0139407	obsolete decreased cell population proliferation in basal body	true
http://purl.obolibrary.org/obo/XPO_0134754	obsolete increased apoptosis in basal body	true
http://purl.obolibrary.org/obo/XPO_0136305	obsolete increased cell population proliferation in basal body	true
http://purl.obolibrary.org/obo/XPO_0137876	obsolete decreased apoptosis in cilium	true
http://purl.obolibrary.org/obo/XPO_0139427	obsolete decreased cell population proliferation in cilium	true
http://purl.obolibrary.org/obo/XPO_0134774	obsolete increased apoptosis in cilium	true
http://purl.obolibrary.org/obo/XPO_0136325	obsolete increased cell population proliferation in cilium	true
http://purl.obolibrary.org/obo/XPO_0137877	obsolete decreased apoptosis in mitotic spindle	true
http://purl.obolibrary.org/obo/XPO_0139428	obsolete decreased cell population proliferation in mitotic spindle	true
http://purl.obolibrary.org/obo/XPO_0134775	obsolete increased apoptosis in mitotic spindle	true
http://purl.obolibrary.org/obo/XPO_0136326	obsolete increased cell population proliferation in mitotic spindle	true
http://purl.obolibrary.org/obo/XPO_0137878	obsolete decreased apoptosis in growth cone	true
http://purl.obolibrary.org/obo/XPO_0139429	obsolete decreased cell population proliferation in growth cone	true
http://purl.obolibrary.org/obo/XPO_0134776	obsolete increased apoptosis in growth cone	true
http://purl.obolibrary.org/obo/XPO_0136327	obsolete increased cell population proliferation in growth cone	true
http://purl.obolibrary.org/obo/XPO_0137879	obsolete decreased apoptosis in centriole	true
http://purl.obolibrary.org/obo/XPO_0139430	obsolete decreased cell population proliferation in centriole	true
http://purl.obolibrary.org/obo/XPO_0134777	obsolete increased apoptosis in centriole	true
http://purl.obolibrary.org/obo/XPO_0136328	obsolete increased cell population proliferation in centriole	true
http://purl.obolibrary.org/obo/XPO_0137880	obsolete decreased apoptosis in kinetochore	true
http://purl.obolibrary.org/obo/XPO_0139431	obsolete decreased cell population proliferation in kinetochore	true
http://purl.obolibrary.org/obo/XPO_0134778	obsolete increased apoptosis in kinetochore	true
http://purl.obolibrary.org/obo/XPO_0136329	obsolete increased cell population proliferation in kinetochore	true
http://purl.obolibrary.org/obo/XPO_0137881	obsolete decreased apoptosis in centromere	true
http://purl.obolibrary.org/obo/XPO_0139432	obsolete decreased cell population proliferation in centromere	true
http://purl.obolibrary.org/obo/XPO_0134779	obsolete increased apoptosis in centromere	true
http://purl.obolibrary.org/obo/XPO_0136330	obsolete increased cell population proliferation in centromere	true
http://purl.obolibrary.org/obo/XPO_0137882	obsolete decreased apoptosis in centrosome	true
http://purl.obolibrary.org/obo/XPO_0139433	obsolete decreased cell population proliferation in centrosome	true
http://purl.obolibrary.org/obo/XPO_0134780	obsolete increased apoptosis in centrosome	true
http://purl.obolibrary.org/obo/XPO_0136331	obsolete increased cell population proliferation in centrosome	true
http://purl.obolibrary.org/obo/XPO_0137906	obsolete decreased apoptosis in nucleus	true
http://purl.obolibrary.org/obo/XPO_0139457	obsolete decreased cell population proliferation in nucleus	true
http://purl.obolibrary.org/obo/XPO_0134804	obsolete increased apoptosis in nucleus	true
http://purl.obolibrary.org/obo/XPO_0136355	obsolete increased cell population proliferation in nucleus	true
http://purl.obolibrary.org/obo/XPO_0137907	obsolete decreased apoptosis in cytoplasm	true
http://purl.obolibrary.org/obo/XPO_0139458	obsolete decreased cell population proliferation in cytoplasm	true
http://purl.obolibrary.org/obo/XPO_0134805	obsolete increased apoptosis in cytoplasm	true
http://purl.obolibrary.org/obo/XPO_0136356	obsolete increased cell population proliferation in cytoplasm	true
http://purl.obolibrary.org/obo/XPO_0137950	obsolete decreased apoptosis in lampbrush chromosome	true
http://purl.obolibrary.org/obo/XPO_0139501	obsolete decreased cell population proliferation in lampbrush chromosome	true
http://purl.obolibrary.org/obo/XPO_0134848	obsolete increased apoptosis in lampbrush chromosome	true
http://purl.obolibrary.org/obo/XPO_0136399	obsolete increased cell population proliferation in lampbrush chromosome	true
http://purl.obolibrary.org/obo/XPO_0137984	obsolete decreased apoptosis in germinal granule	true
http://purl.obolibrary.org/obo/XPO_0139535	obsolete decreased cell population proliferation in germinal granule	true
http://purl.obolibrary.org/obo/XPO_0134882	obsolete increased apoptosis in germinal granule	true
http://purl.obolibrary.org/obo/XPO_0136433	obsolete increased cell population proliferation in germinal granule	true
http://purl.obolibrary.org/obo/XPO_0137985	obsolete decreased apoptosis in ooplasm	true
http://purl.obolibrary.org/obo/XPO_0139536	obsolete decreased cell population proliferation in ooplasm	true
http://purl.obolibrary.org/obo/XPO_0134883	obsolete increased apoptosis in ooplasm	true
http://purl.obolibrary.org/obo/XPO_0136434	obsolete increased cell population proliferation in ooplasm	true
http://purl.obolibrary.org/obo/XPO_0137986	obsolete decreased apoptosis in oocyte cortex	true
http://purl.obolibrary.org/obo/XPO_0139537	obsolete decreased cell population proliferation in oocyte cortex	true
http://purl.obolibrary.org/obo/XPO_0134884	obsolete increased apoptosis in oocyte cortex	true
http://purl.obolibrary.org/obo/XPO_0136435	obsolete increased cell population proliferation in oocyte cortex	true
http://purl.obolibrary.org/obo/XPO_0137987	obsolete decreased apoptosis in endoplasmic reticulum	true
http://purl.obolibrary.org/obo/XPO_0139538	obsolete decreased cell population proliferation in endoplasmic reticulum	true
http://purl.obolibrary.org/obo/XPO_0134885	obsolete increased apoptosis in endoplasmic reticulum	true
http://purl.obolibrary.org/obo/XPO_0136436	obsolete increased cell population proliferation in endoplasmic reticulum	true
http://purl.obolibrary.org/obo/XPO_0137989	obsolete decreased apoptosis in microtubule	true
http://purl.obolibrary.org/obo/XPO_0139540	obsolete decreased cell population proliferation in microtubule	true
http://purl.obolibrary.org/obo/XPO_0134887	obsolete increased apoptosis in microtubule	true
http://purl.obolibrary.org/obo/XPO_0136438	obsolete increased cell population proliferation in microtubule	true
http://purl.obolibrary.org/obo/XPO_0137990	obsolete decreased apoptosis in vegetal cortex	true
http://purl.obolibrary.org/obo/XPO_0139541	obsolete decreased cell population proliferation in vegetal cortex	true
http://purl.obolibrary.org/obo/XPO_0134888	obsolete increased apoptosis in vegetal cortex	true
http://purl.obolibrary.org/obo/XPO_0136439	obsolete increased cell population proliferation in vegetal cortex	true
http://purl.obolibrary.org/obo/XPO_0137999	obsolete decreased apoptosis in astrocyte end-foot	true
http://purl.obolibrary.org/obo/XPO_0139550	obsolete decreased cell population proliferation in astrocyte end-foot	true
http://purl.obolibrary.org/obo/XPO_0134897	obsolete increased apoptosis in astrocyte end-foot	true
http://purl.obolibrary.org/obo/XPO_0136448	obsolete increased cell population proliferation in astrocyte end-foot	true
http://purl.obolibrary.org/obo/XPO_0138005	obsolete decreased apoptosis in subcortical cytoplasm	true
http://purl.obolibrary.org/obo/XPO_0139556	obsolete decreased cell population proliferation in subcortical cytoplasm	true
http://purl.obolibrary.org/obo/XPO_0134903	obsolete increased apoptosis in subcortical cytoplasm	true
http://purl.obolibrary.org/obo/XPO_0136454	obsolete increased cell population proliferation in subcortical cytoplasm	true
http://purl.obolibrary.org/obo/XPO_0138020	obsolete decreased apoptosis in plasma membrane	true
http://purl.obolibrary.org/obo/XPO_0139571	obsolete decreased cell population proliferation in plasma membrane	true
http://purl.obolibrary.org/obo/XPO_0134918	obsolete increased apoptosis in plasma membrane	true
http://purl.obolibrary.org/obo/XPO_0136469	obsolete increased cell population proliferation in plasma membrane	true
http://purl.obolibrary.org/obo/XPO_0138104	obsolete decreased apoptosis in apical junction complex	true
http://purl.obolibrary.org/obo/XPO_0139655	obsolete decreased cell population proliferation in apical junction complex	true
http://purl.obolibrary.org/obo/XPO_0135002	obsolete increased apoptosis in apical junction complex	true
http://purl.obolibrary.org/obo/XPO_0136553	obsolete increased cell population proliferation in apical junction complex	true
http://purl.obolibrary.org/obo/XPO_0138105	obsolete decreased apoptosis in filopodium	true
http://purl.obolibrary.org/obo/XPO_0139656	obsolete decreased cell population proliferation in filopodium	true
http://purl.obolibrary.org/obo/XPO_0135003	obsolete increased apoptosis in filopodium	true
http://purl.obolibrary.org/obo/XPO_0136554	obsolete increased cell population proliferation in filopodium	true
http://purl.obolibrary.org/obo/XPO_0138120	obsolete decreased apoptosis in yolk platelet	true
http://purl.obolibrary.org/obo/XPO_0139671	obsolete decreased cell population proliferation in yolk platelet	true
http://purl.obolibrary.org/obo/XPO_0135018	obsolete increased apoptosis in yolk platelet	true
http://purl.obolibrary.org/obo/XPO_0136569	obsolete increased cell population proliferation in yolk platelet	true
http://purl.obolibrary.org/obo/XPO_0138122	obsolete decreased apoptosis in sarcomere	true
http://purl.obolibrary.org/obo/XPO_0139673	obsolete decreased cell population proliferation in sarcomere	true
http://purl.obolibrary.org/obo/XPO_0135020	obsolete increased apoptosis in sarcomere	true
http://purl.obolibrary.org/obo/XPO_0136571	obsolete increased cell population proliferation in sarcomere	true
http://purl.obolibrary.org/obo/XPO_0138128	obsolete decreased apoptosis in Roux spot	true
http://purl.obolibrary.org/obo/XPO_0139679	obsolete decreased cell population proliferation in Roux spot	true
http://purl.obolibrary.org/obo/XPO_0135026	obsolete increased apoptosis in Roux spot	true
http://purl.obolibrary.org/obo/XPO_0136577	obsolete increased cell population proliferation in Roux spot	true
http://purl.obolibrary.org/obo/XPO_0138134	obsolete decreased apoptosis in adherens junction	true
http://purl.obolibrary.org/obo/XPO_0139685	obsolete decreased cell population proliferation in adherens junction	true
http://purl.obolibrary.org/obo/XPO_0135032	obsolete increased apoptosis in adherens junction	true
http://purl.obolibrary.org/obo/XPO_0136583	obsolete increased cell population proliferation in adherens junction	true
http://purl.obolibrary.org/obo/XPO_0138148	obsolete decreased apoptosis in myofibril	true
http://purl.obolibrary.org/obo/XPO_0139699	obsolete decreased cell population proliferation in myofibril	true
http://purl.obolibrary.org/obo/XPO_0135046	obsolete increased apoptosis in myofibril	true
http://purl.obolibrary.org/obo/XPO_0136597	obsolete increased cell population proliferation in myofibril	true
http://purl.obolibrary.org/obo/XPO_0138149	obsolete decreased apoptosis in M band	true
http://purl.obolibrary.org/obo/XPO_0139700	obsolete decreased cell population proliferation in M band	true
http://purl.obolibrary.org/obo/XPO_0135047	obsolete increased apoptosis in M band	true
http://purl.obolibrary.org/obo/XPO_0136598	obsolete increased cell population proliferation in M band	true
http://purl.obolibrary.org/obo/XPO_0138150	obsolete decreased apoptosis in actin cytoskeleton	true
http://purl.obolibrary.org/obo/XPO_0139701	obsolete decreased cell population proliferation in actin cytoskeleton	true
http://purl.obolibrary.org/obo/XPO_0135048	obsolete increased apoptosis in actin cytoskeleton	true
http://purl.obolibrary.org/obo/XPO_0136599	obsolete increased cell population proliferation in actin cytoskeleton	true
http://purl.obolibrary.org/obo/XPO_0138154	obsolete decreased apoptosis in neuron projection	true
http://purl.obolibrary.org/obo/XPO_0139705	obsolete decreased cell population proliferation in neuron projection	true
http://purl.obolibrary.org/obo/XPO_0135052	obsolete increased apoptosis in neuron projection	true
http://purl.obolibrary.org/obo/XPO_0136603	obsolete increased cell population proliferation in neuron projection	true
http://purl.obolibrary.org/obo/XPO_0138155	obsolete decreased apoptosis in cortical actin cytoskeleton	true
http://purl.obolibrary.org/obo/XPO_0139706	obsolete decreased cell population proliferation in cortical actin cytoskeleton	true
http://purl.obolibrary.org/obo/XPO_0135053	obsolete increased apoptosis in cortical actin cytoskeleton	true
http://purl.obolibrary.org/obo/XPO_0136604	obsolete increased cell population proliferation in cortical actin cytoskeleton	true
http://purl.obolibrary.org/obo/XPO_0138156	obsolete decreased apoptosis in actin filament	true
http://purl.obolibrary.org/obo/XPO_0139707	obsolete decreased cell population proliferation in actin filament	true
http://purl.obolibrary.org/obo/XPO_0135054	obsolete increased apoptosis in actin filament	true
http://purl.obolibrary.org/obo/XPO_0136605	obsolete increased cell population proliferation in actin filament	true
http://purl.obolibrary.org/obo/XPO_0136816	obsolete decreased apoptosis in germinal vesicle	true
http://purl.obolibrary.org/obo/XPO_0138367	obsolete decreased cell population proliferation in germinal vesicle	true
http://purl.obolibrary.org/obo/XPO_0133714	obsolete increased apoptosis in germinal vesicle	true
http://purl.obolibrary.org/obo/XPO_0135265	obsolete increased cell population proliferation in germinal vesicle	true
http://purl.obolibrary.org/obo/XPO_0138123	obsolete decreased apoptosis in spindle microtubule	true
http://purl.obolibrary.org/obo/XPO_0139674	obsolete decreased cell population proliferation in spindle microtubule	true
http://purl.obolibrary.org/obo/XPO_0135021	obsolete increased apoptosis in spindle microtubule	true
http://purl.obolibrary.org/obo/XPO_0136572	obsolete increased cell population proliferation in spindle microtubule	true
http://purl.obolibrary.org/obo/XPO_0137883	obsolete decreased apoptosis in axon	true
http://purl.obolibrary.org/obo/XPO_0139434	obsolete decreased cell population proliferation in axon	true
http://purl.obolibrary.org/obo/XPO_0134781	obsolete increased apoptosis in axon	true
http://purl.obolibrary.org/obo/XPO_0136332	obsolete increased cell population proliferation in axon	true
http://purl.obolibrary.org/obo/XPO_0137884	obsolete decreased apoptosis in dendrite	true
http://purl.obolibrary.org/obo/XPO_0139435	obsolete decreased cell population proliferation in dendrite	true
http://purl.obolibrary.org/obo/XPO_0134782	obsolete increased apoptosis in dendrite	true
http://purl.obolibrary.org/obo/XPO_0136333	obsolete increased cell population proliferation in dendrite	true
http://purl.obolibrary.org/obo/XPO_0138124	obsolete decreased apoptosis in astral microtubule	true
http://purl.obolibrary.org/obo/XPO_0139675	obsolete decreased cell population proliferation in astral microtubule	true
http://purl.obolibrary.org/obo/XPO_0135022	obsolete increased apoptosis in astral microtubule	true
http://purl.obolibrary.org/obo/XPO_0136573	obsolete increased cell population proliferation in astral microtubule	true
http://purl.obolibrary.org/obo/XPO_0137936	obsolete decreased apoptosis in motor axon	true
http://purl.obolibrary.org/obo/XPO_0139487	obsolete decreased cell population proliferation in motor axon	true
http://purl.obolibrary.org/obo/XPO_0134834	obsolete increased apoptosis in motor axon	true
http://purl.obolibrary.org/obo/XPO_0136385	obsolete increased cell population proliferation in motor axon	true
http://purl.obolibrary.org/obo/XPO_0139788	obsolete abnormally necrotic cell part	true
http://purl.obolibrary.org/obo/XPO_0140778	obsolete abnormally necrotic equatorial belt	true
http://purl.obolibrary.org/obo/XPO_0140141	obsolete abnormally necrotic germ plasm	true
http://purl.obolibrary.org/obo/XPO_0140707	obsolete abnormally necrotic mitochondrial cloud	true
http://purl.obolibrary.org/obo/XPO_0140611	obsolete abnormally necrotic sperm entry point	true
http://purl.obolibrary.org/obo/XPO_0140031	obsolete abnormally necrotic wedge region	true
http://purl.obolibrary.org/obo/XPO_0140382	obsolete abnormally necrotic ring structure	true
http://purl.obolibrary.org/obo/XPO_0140807	obsolete abnormally necrotic zygote cortex	true
http://purl.obolibrary.org/obo/XPO_0139861	obsolete abnormally necrotic ciliary axoneme	true
http://purl.obolibrary.org/obo/XPO_0140356	obsolete abnormally necrotic basal body	true
http://purl.obolibrary.org/obo/XPO_0140171	obsolete abnormally necrotic cilium	true
http://purl.obolibrary.org/obo/XPO_0140295	obsolete abnormally necrotic mitotic spindle	true
http://purl.obolibrary.org/obo/XPO_0140936	obsolete abnormally necrotic growth cone	true
http://purl.obolibrary.org/obo/XPO_0140796	obsolete abnormally necrotic centriole	true
http://purl.obolibrary.org/obo/XPO_0140935	obsolete abnormally necrotic kinetochore	true
http://purl.obolibrary.org/obo/XPO_0140710	obsolete abnormally necrotic centromere	true
http://purl.obolibrary.org/obo/XPO_0140638	obsolete abnormally necrotic centrosome	true
http://purl.obolibrary.org/obo/XPO_0140334	obsolete abnormally necrotic nucleus	true
http://purl.obolibrary.org/obo/XPO_0140695	obsolete abnormally necrotic cytoplasm	true
http://purl.obolibrary.org/obo/XPO_0140426	obsolete abnormally necrotic lampbrush chromosome	true
http://purl.obolibrary.org/obo/XPO_0140483	obsolete abnormally necrotic germinal granule	true
http://purl.obolibrary.org/obo/XPO_0139874	obsolete abnormally necrotic ooplasm	true
http://purl.obolibrary.org/obo/XPO_0140293	obsolete abnormally necrotic oocyte cortex	true
http://purl.obolibrary.org/obo/XPO_0140984	obsolete abnormally necrotic endoplasmic reticulum	true
http://purl.obolibrary.org/obo/XPO_0140607	obsolete abnormally necrotic microtubule	true
http://purl.obolibrary.org/obo/XPO_0140118	obsolete abnormally necrotic vegetal cortex	true
http://purl.obolibrary.org/obo/XPO_0140499	obsolete abnormally necrotic astrocyte end-foot	true
http://purl.obolibrary.org/obo/XPO_0141129	obsolete abnormally necrotic subcortical cytoplasm	true
http://purl.obolibrary.org/obo/XPO_0140962	obsolete abnormally necrotic plasma membrane	true
http://purl.obolibrary.org/obo/XPO_0140977	obsolete abnormally necrotic apical junction complex	true
http://purl.obolibrary.org/obo/XPO_0141177	obsolete abnormally necrotic filopodium	true
http://purl.obolibrary.org/obo/XPO_0140784	obsolete abnormally necrotic yolk platelet	true
http://purl.obolibrary.org/obo/XPO_0140231	obsolete abnormally necrotic sarcomere	true
http://purl.obolibrary.org/obo/XPO_0140978	obsolete abnormally necrotic Roux spot	true
http://purl.obolibrary.org/obo/XPO_0140399	obsolete abnormally necrotic adherens junction	true
http://purl.obolibrary.org/obo/XPO_0140189	obsolete abnormally necrotic myofibril	true
http://purl.obolibrary.org/obo/XPO_0141127	obsolete abnormally necrotic M band	true
http://purl.obolibrary.org/obo/XPO_0140261	obsolete abnormally necrotic actin cytoskeleton	true
http://purl.obolibrary.org/obo/XPO_0139790	obsolete abnormally necrotic neuron projection	true
http://purl.obolibrary.org/obo/XPO_0141042	obsolete abnormally necrotic cortical actin cytoskeleton	true
http://purl.obolibrary.org/obo/XPO_0140771	obsolete abnormally necrotic actin filament	true
http://purl.obolibrary.org/obo/XPO_0141074	obsolete abnormally necrotic germinal vesicle	true
http://purl.obolibrary.org/obo/XPO_0140811	obsolete abnormally necrotic spindle microtubule	true
http://purl.obolibrary.org/obo/XPO_0139789	obsolete abnormally necrotic axon	true
http://purl.obolibrary.org/obo/XPO_0141215	obsolete abnormally necrotic dendrite	true
http://purl.obolibrary.org/obo/XPO_0141161	obsolete abnormally necrotic astral microtubule	true
http://purl.obolibrary.org/obo/XPO_0140535	obsolete abnormally necrotic motor axon	true
http://purl.obolibrary.org/obo/XPO_0125823	obsolete absent cytoplasm	true
http://purl.obolibrary.org/obo/XPO_0127475	obsolete abnormally localised cytoplasm	true
http://purl.obolibrary.org/obo/XPO_0129095	obsolete decreased size of the cytoplasm	true
http://purl.obolibrary.org/obo/XPO_0128677	obsolete decreased size of the subcortical cytoplasm	true
http://purl.obolibrary.org/obo/XPO_0130156	obsolete increased size of the subcortical cytoplasm	true
http://purl.obolibrary.org/obo/XPO_0130572	obsolete increased size of the cytoplasm	true
http://purl.obolibrary.org/obo/XPO_0132562	obsolete abnormal development of cytoplasm	true
http://purl.obolibrary.org/obo/XPO_0132776	obsolete abnormal development of subcortical cytoplasm	true
http://purl.obolibrary.org/obo/XPO_0125898	obsolete absent subcortical cytoplasm	true
http://purl.obolibrary.org/obo/XPO_0127552	obsolete abnormally localised subcortical cytoplasm	true
http://purl.obolibrary.org/obo/XPO_0127681	obsolete abnormally localised sperm entry point	true
http://purl.obolibrary.org/obo/XPO_0126022	obsolete absent sperm entry point	true
http://purl.obolibrary.org/obo/XPO_0130551	obsolete increased size of the sperm entry point	true
http://purl.obolibrary.org/obo/XPO_0129074	obsolete decreased size of the sperm entry point	true
http://purl.obolibrary.org/obo/XPO_0132990	obsolete abnormal development of sperm entry point	true
http://purl.obolibrary.org/obo/XPO_0126141	obsolete absent equatorial belt	true
http://purl.obolibrary.org/obo/XPO_0100997	obsolete abnormal equatorial belt	true
http://purl.obolibrary.org/obo/XPO_0127802	obsolete abnormally localised equatorial belt	true
http://purl.obolibrary.org/obo/XPO_0129146	obsolete decreased size of the equatorial belt	true
http://purl.obolibrary.org/obo/XPO_0130622	obsolete increased size of the equatorial belt	true
http://purl.obolibrary.org/obo/XPO_0132754	obsolete abnormal development of equatorial belt	true
http://purl.obolibrary.org/obo/XPO_0125187	obsolete absent zygote cortex	true
http://purl.obolibrary.org/obo/XPO_0126810	obsolete abnormally localised zygote cortex	true
http://purl.obolibrary.org/obo/XPO_0125615	obsolete absent wedge region	true
http://purl.obolibrary.org/obo/XPO_0126236	obsolete absent vegetal cortex	true
http://purl.obolibrary.org/obo/XPO_0127900	obsolete abnormally localised vegetal cortex	true
http://purl.obolibrary.org/obo/XPO_0127332	obsolete abnormally localised plasma membrane	true
http://purl.obolibrary.org/obo/XPO_0125687	obsolete absent plasma membrane	true
http://purl.obolibrary.org/obo/XPO_0129411	obsolete decreased size of the plasma membrane	true
http://purl.obolibrary.org/obo/XPO_0130885	obsolete increased size of the plasma membrane	true
http://purl.obolibrary.org/obo/XPO_0102629	obsolete abnormal equatorial belt morphology	true
http://purl.obolibrary.org/obo/XPO_0125636	obsolete absent ooplasm	true
http://purl.obolibrary.org/obo/XPO_0127279	obsolete abnormally localised ooplasm	true
http://purl.obolibrary.org/obo/XPO_0129158	obsolete decreased size of the ooplasm	true
http://purl.obolibrary.org/obo/XPO_0130634	obsolete increased size of the ooplasm	true
http://purl.obolibrary.org/obo/XPO_0127201	obsolete abnormally localised oocyte cortex	true
http://purl.obolibrary.org/obo/XPO_0125564	obsolete absent oocyte cortex	true
http://purl.obolibrary.org/obo/XPO_0126024	obsolete absent centromere	true
http://purl.obolibrary.org/obo/XPO_0115361	obsolete abnormal(ly) apoptotic of blastopore lip (T)	true
http://purl.obolibrary.org/obo/XPO_0115593	obsolete abnormal(ly) concealed of forelimb bud (T)	true
http://purl.obolibrary.org/obo/XPO_0115594	obsolete abnormal(ly) concealed by of forelimb bud (T)	true
http://purl.obolibrary.org/obo/XPO_0115649	obsolete abnormal(ly) decreased amount of hypaxial muscle (T)	true
http://purl.obolibrary.org/obo/XPO_0115722	obsolete abnormal(ly) decreased amount of head mesenchyme (T)	true
http://purl.obolibrary.org/obo/XPO_0115750	obsolete abnormal(ly) decreased amount of trunk vasculature (T)	true
http://purl.obolibrary.org/obo/XPO_0115360	obsolete abnormal(ly) decreased area of dorsal marginal zone (T)	true
http://purl.obolibrary.org/obo/XPO_0115412	obsolete abnormal(ly) decreased distance of eye (T)	true
http://purl.obolibrary.org/obo/XPO_0115421	obsolete abnormal(ly) deviation towards the medial side of eye (T)	true
http://purl.obolibrary.org/obo/XPO_0115741	obsolete abnormal(ly) has fewer parts of type of hindlimb digit 2 (T)	true
http://purl.obolibrary.org/obo/XPO_0115742	obsolete abnormal(ly) has fewer parts of type of hindlimb digit 3 (T)	true
http://purl.obolibrary.org/obo/XPO_0115744	obsolete abnormal(ly) has fewer parts of type of hindlimb digit 4 (T)	true
http://purl.obolibrary.org/obo/XPO_0115748	obsolete abnormal(ly) has fewer parts of type of hindlimb digit 5 (T)	true
http://purl.obolibrary.org/obo/XPO_0115753	obsolete abnormal(ly) has fewer parts of type of forelimb digit 2 (T)	true
http://purl.obolibrary.org/obo/XPO_0115762	obsolete abnormal(ly) has fewer parts of type of proximal tubule (T)	true
http://purl.obolibrary.org/obo/XPO_0115578	obsolete abnormal(ly) has normal numbers of parts of type of hindlimb digit (T)	true
http://purl.obolibrary.org/obo/XPO_0115682	obsolete abnormal(ly) has normal numbers of parts of type of regenerating hindlimb (T)	true
http://purl.obolibrary.org/obo/XPO_0115333	obsolete abnormal(ly) lacks parts or has fewer parts of type of dorsal aorta (T)	true
http://purl.obolibrary.org/obo/XPO_0115408	obsolete abnormal(ly) lacks parts or has fewer parts of type of mesentery (T)	true
http://purl.obolibrary.org/obo/XPO_0115450	obsolete abnormal(ly) lacks parts or has fewer parts of type of posterior cardinal vein (T)	true
http://purl.obolibrary.org/obo/XPO_0115476	obsolete abnormal(ly) lacks parts or has fewer parts of type of ventral aorta (T)	true
http://purl.obolibrary.org/obo/XPO_0115752	obsolete abnormal(ly) misaligned with of myocyte (T)	true
http://purl.obolibrary.org/obo/XPO_0115563	obsolete abnormal(ly) obtuse angle to of forelimb (T)	true
http://purl.obolibrary.org/obo/XPO_0115571	obsolete abnormal(ly) obtuse angle to of hindlimb (T)	true
http://purl.obolibrary.org/obo/XPO_0115746	obsolete abnormal(ly) present of hindlimb digit 5 (T)	true
http://purl.obolibrary.org/obo/XPO_0115755	obsolete abnormal(ly) present of spike (T)	true
http://purl.obolibrary.org/obo/XPO_0115751	obsolete abnormal(ly) protruding into of myocyte (T)	true
http://purl.obolibrary.org/obo/XPO_0107333	obsolete abnormal left optic vesicle	true
http://purl.obolibrary.org/obo/XPO_0107420	obsolete abnormal left optic vesicle morphology	true
http://purl.obolibrary.org/obo/XPO_0139941	obsolete abnormally necrotic left optic vesicle	true
http://purl.obolibrary.org/obo/XPO_0128280	obsolete decreased size of the left optic vesicle	true
http://purl.obolibrary.org/obo/XPO_0129760	obsolete increased size of the left optic vesicle	true
http://purl.obolibrary.org/obo/XPO_0126523	obsolete abnormally localised left optic vesicle	true
http://purl.obolibrary.org/obo/XPO_0124909	obsolete absent left optic vesicle	true
http://purl.obolibrary.org/obo/XPO_0107334	obsolete abnormal right optic vesicle	true
http://purl.obolibrary.org/obo/XPO_0107421	obsolete abnormal right optic vesicle morphology	true
http://purl.obolibrary.org/obo/XPO_0141160	obsolete abnormally necrotic right optic vesicle	true
http://purl.obolibrary.org/obo/XPO_0128735	obsolete decreased size of the right optic vesicle	true
http://purl.obolibrary.org/obo/XPO_0130213	obsolete increased size of the right optic vesicle	true
http://purl.obolibrary.org/obo/XPO_0127190	obsolete abnormally localised right optic vesicle	true
http://purl.obolibrary.org/obo/XPO_0125553	obsolete absent right optic vesicle	true
http://purl.obolibrary.org/obo/XPO_0132350	obsolete abnormal development of left optic vesicle	true
http://purl.obolibrary.org/obo/XPO_0133301	obsolete abnormal development of right optic vesicle	true
http://purl.obolibrary.org/obo/XPO_0135014	obsolete increased apoptosis in left optic vesicle	true
http://purl.obolibrary.org/obo/XPO_0135015	obsolete increased apoptosis in right optic vesicle	true
http://purl.obolibrary.org/obo/XPO_0138116	obsolete decreased apoptosis in left optic vesicle	true
http://purl.obolibrary.org/obo/XPO_0138117	obsolete decreased apoptosis in right optic vesicle	true
http://purl.obolibrary.org/obo/XPO_0136565	obsolete increased cell population proliferation in left optic vesicle	true
http://purl.obolibrary.org/obo/XPO_0136566	obsolete increased cell population proliferation in right optic vesicle	true
http://purl.obolibrary.org/obo/XPO_0139667	obsolete decreased cell population proliferation in left optic vesicle	true
http://purl.obolibrary.org/obo/XPO_0139668	obsolete decreased cell population proliferation in right optic vesicle	true
http://purl.obolibrary.org/obo/XPO_0115869	obsolete abnormal(ly) quality of hindlimb digit in zeugopod (T)	true
http://purl.obolibrary.org/obo/XPO_0115914	obsolete abnormal(ly) quality of epithelium in foregut endoderm (T)	true
http://purl.obolibrary.org/obo/XPO_0115952	obsolete abnormal(ly) present of posterior in whole organism (T)	true
http://purl.obolibrary.org/obo/XPO_0115953	obsolete abnormal(ly) present of regenerating hindlimb in claw (T)	true
http://purl.obolibrary.org/obo/XPO_0115954	obsolete abnormal(ly) present of regenerating hindlimb in tibia-fibula (T)	true
http://purl.obolibrary.org/obo/XPO_0115955	obsolete abnormal(ly) present of hindlimb in femur (T)	true
http://purl.obolibrary.org/obo/XPO_0115956	obsolete abnormal(ly) present of claw of hindlimb digit 1 in regenerating tissue (T)	true
http://purl.obolibrary.org/obo/XPO_0115957	obsolete abnormal(ly) present of claw of hindlimb digit 2 in regenerating tissue (T)	true
http://purl.obolibrary.org/obo/XPO_0115958	obsolete abnormal(ly) present of claw of hindlimb digit 3 in regenerating tissue (T)	true
http://purl.obolibrary.org/obo/XPO_0115959	obsolete abnormal(ly) present of regenerating hindlimb in claw of hindlimb digit 3 (T)	true
http://purl.obolibrary.org/obo/XPO_0115960	obsolete abnormal(ly) present of regenerating hindlimb in interdigital webbing (T)	true
http://purl.obolibrary.org/obo/XPO_0115973	obsolete abnormal(ly) increased amount of hindlimb in autopod (T)	true
http://purl.obolibrary.org/obo/XPO_0116084	obsolete abnormal(ly) loose of endodermal cell in archenteron floor (T)	true
http://purl.obolibrary.org/obo/XPO_0116085	obsolete abnormal(ly) constricted of ventral in trunk (T)	true
http://purl.obolibrary.org/obo/XPO_0116088	obsolete abnormal(ly) has normal numbers of parts of type of regenerating hindlimb in digit (T)	true
http://purl.obolibrary.org/obo/XPO_0116114	obsolete abnormal(ly) decreased amount of forelimb in autopod (T)	true
http://purl.obolibrary.org/obo/XPO_0116115	obsolete abnormal(ly) decreased amount of hindlimb in autopod (T)	true
http://purl.obolibrary.org/obo/XPO_0116120	obsolete abnormal(ly) lacks parts or has fewer parts of type of hindlimb in autopod (T)	true
http://purl.obolibrary.org/obo/XPO_0116152	obsolete abnormal(ly) multiple of regenerating forelimb in autopod (T)	true
http://purl.obolibrary.org/obo/XPO_0116161	obsolete abnormal(ly) extends to of axon in optic tract (T)	true
http://purl.obolibrary.org/obo/XPO_0140703	obsolete abnormally necrotic cleavage furrow	true
http://purl.obolibrary.org/obo/XPO_0137748	obsolete decreased apoptosis in cleavage furrow	true
http://purl.obolibrary.org/obo/XPO_0139299	obsolete decreased cell population proliferation in cleavage furrow	true
http://purl.obolibrary.org/obo/XPO_0134646	obsolete increased apoptosis in cleavage furrow	true
http://purl.obolibrary.org/obo/XPO_0136197	obsolete increased cell population proliferation in cleavage furrow	true
	true
