?cls	?replCls	?consCls
<http://purl.obolibrary.org/obo/GO_0006928>		
<http://purl.obolibrary.org/obo/GO_0016571>		
<http://purl.obolibrary.org/obo/GO_0030104>		"GO:0003091"
<http://purl.obolibrary.org/obo/GO_0030104>		"GO:0009992"
<http://purl.obolibrary.org/obo/GO_0030104>		"GO:0050891"
<http://purl.obolibrary.org/obo/GO_0033483>		
<http://purl.obolibrary.org/obo/GO_0034754>	<http://purl.obolibrary.org/obo/GO_0042445>	
<http://purl.obolibrary.org/obo/GO_0048875>		
<http://purl.obolibrary.org/obo/GO_0060389>		"GO:0004672"
<http://purl.obolibrary.org/obo/GO_0060389>		"GO:0060391"
<http://purl.obolibrary.org/obo/GO_0060389>		"GO:0060395"
<http://purl.obolibrary.org/obo/GO_0070816>		"GO:0008353"
<http://purl.obolibrary.org/obo/GO_0097273>		"GO:0003014"
<http://purl.obolibrary.org/obo/GO_0097274>		"GO:0003014"
<http://purl.obolibrary.org/obo/GO_1903118>		"GO:0003014"
<http://purl.obolibrary.org/obo/GO_1903171>	"GO:0160061"	
<http://purl.obolibrary.org/obo/XPO_0100068>		
<http://purl.obolibrary.org/obo/XPO_0100997>		
<http://purl.obolibrary.org/obo/XPO_0101700>		
<http://purl.obolibrary.org/obo/XPO_0101928>		
<http://purl.obolibrary.org/obo/XPO_0102335>		
<http://purl.obolibrary.org/obo/XPO_0102629>		
<http://purl.obolibrary.org/obo/XPO_0102981>		
<http://purl.obolibrary.org/obo/XPO_0103366>		
<http://purl.obolibrary.org/obo/XPO_0103369>		
<http://purl.obolibrary.org/obo/XPO_0103403>		
<http://purl.obolibrary.org/obo/XPO_0103437>		
<http://purl.obolibrary.org/obo/XPO_0103439>		
<http://purl.obolibrary.org/obo/XPO_0103449>		
<http://purl.obolibrary.org/obo/XPO_0103454>		
<http://purl.obolibrary.org/obo/XPO_0103455>		
<http://purl.obolibrary.org/obo/XPO_0103456>		
<http://purl.obolibrary.org/obo/XPO_0103457>		
<http://purl.obolibrary.org/obo/XPO_0103469>		
<http://purl.obolibrary.org/obo/XPO_0103581>		
<http://purl.obolibrary.org/obo/XPO_0103585>		
<http://purl.obolibrary.org/obo/XPO_0103586>		
<http://purl.obolibrary.org/obo/XPO_0103587>		
<http://purl.obolibrary.org/obo/XPO_0103588>		
<http://purl.obolibrary.org/obo/XPO_0103590>		
<http://purl.obolibrary.org/obo/XPO_0103591>		
<http://purl.obolibrary.org/obo/XPO_0103592>		
<http://purl.obolibrary.org/obo/XPO_0103593>		
<http://purl.obolibrary.org/obo/XPO_0103594>		
<http://purl.obolibrary.org/obo/XPO_0103603>		
<http://purl.obolibrary.org/obo/XPO_0103604>		
<http://purl.obolibrary.org/obo/XPO_0103606>		
<http://purl.obolibrary.org/obo/XPO_0103610>		
<http://purl.obolibrary.org/obo/XPO_0103635>		
<http://purl.obolibrary.org/obo/XPO_0103648>		
<http://purl.obolibrary.org/obo/XPO_0103650>		
<http://purl.obolibrary.org/obo/XPO_0103651>		
<http://purl.obolibrary.org/obo/XPO_0103655>		
<http://purl.obolibrary.org/obo/XPO_0103656>		
<http://purl.obolibrary.org/obo/XPO_0103657>		
<http://purl.obolibrary.org/obo/XPO_0103658>		
<http://purl.obolibrary.org/obo/XPO_0103659>		
<http://purl.obolibrary.org/obo/XPO_0103660>		
<http://purl.obolibrary.org/obo/XPO_0103661>		
<http://purl.obolibrary.org/obo/XPO_0103662>		
<http://purl.obolibrary.org/obo/XPO_0103663>		
<http://purl.obolibrary.org/obo/XPO_0103664>		
<http://purl.obolibrary.org/obo/XPO_0103665>		
<http://purl.obolibrary.org/obo/XPO_0103666>		
<http://purl.obolibrary.org/obo/XPO_0103667>		
<http://purl.obolibrary.org/obo/XPO_0103668>		
<http://purl.obolibrary.org/obo/XPO_0103669>		
<http://purl.obolibrary.org/obo/XPO_0103670>		
<http://purl.obolibrary.org/obo/XPO_0103671>		
<http://purl.obolibrary.org/obo/XPO_0103672>		
<http://purl.obolibrary.org/obo/XPO_0103677>		
<http://purl.obolibrary.org/obo/XPO_0103678>		
<http://purl.obolibrary.org/obo/XPO_0103679>		
<http://purl.obolibrary.org/obo/XPO_0103692>		
<http://purl.obolibrary.org/obo/XPO_0103693>		
<http://purl.obolibrary.org/obo/XPO_0103694>		
<http://purl.obolibrary.org/obo/XPO_0103696>		
<http://purl.obolibrary.org/obo/XPO_0103697>		
<http://purl.obolibrary.org/obo/XPO_0103703>		
<http://purl.obolibrary.org/obo/XPO_0103710>		
<http://purl.obolibrary.org/obo/XPO_0103747>		
<http://purl.obolibrary.org/obo/XPO_0103750>		
<http://purl.obolibrary.org/obo/XPO_0103760>		
<http://purl.obolibrary.org/obo/XPO_0103762>		
<http://purl.obolibrary.org/obo/XPO_0103763>		
<http://purl.obolibrary.org/obo/XPO_0103764>		
<http://purl.obolibrary.org/obo/XPO_0103765>		
<http://purl.obolibrary.org/obo/XPO_0103767>		
<http://purl.obolibrary.org/obo/XPO_0103768>		
<http://purl.obolibrary.org/obo/XPO_0103769>		
<http://purl.obolibrary.org/obo/XPO_0103781>		
<http://purl.obolibrary.org/obo/XPO_0103782>		
<http://purl.obolibrary.org/obo/XPO_0103784>		
<http://purl.obolibrary.org/obo/XPO_0103787>		
<http://purl.obolibrary.org/obo/XPO_0103788>		
<http://purl.obolibrary.org/obo/XPO_0103815>		
<http://purl.obolibrary.org/obo/XPO_0103835>		
<http://purl.obolibrary.org/obo/XPO_0103840>		
<http://purl.obolibrary.org/obo/XPO_0103887>		
<http://purl.obolibrary.org/obo/XPO_0103890>		
<http://purl.obolibrary.org/obo/XPO_0103901>		
<http://purl.obolibrary.org/obo/XPO_0103902>		
<http://purl.obolibrary.org/obo/XPO_0103903>		
<http://purl.obolibrary.org/obo/XPO_0103904>		
<http://purl.obolibrary.org/obo/XPO_0103905>		
<http://purl.obolibrary.org/obo/XPO_0103906>		
<http://purl.obolibrary.org/obo/XPO_0103921>		
<http://purl.obolibrary.org/obo/XPO_0103922>		
<http://purl.obolibrary.org/obo/XPO_0103924>		
<http://purl.obolibrary.org/obo/XPO_0107274>		
<http://purl.obolibrary.org/obo/XPO_0107275>		
<http://purl.obolibrary.org/obo/XPO_0107277>		
<http://purl.obolibrary.org/obo/XPO_0107279>		
<http://purl.obolibrary.org/obo/XPO_0107280>		
<http://purl.obolibrary.org/obo/XPO_0107281>		
<http://purl.obolibrary.org/obo/XPO_0107282>		
<http://purl.obolibrary.org/obo/XPO_0107295>		
<http://purl.obolibrary.org/obo/XPO_0107296>		
<http://purl.obolibrary.org/obo/XPO_0107333>		
<http://purl.obolibrary.org/obo/XPO_0107334>		
<http://purl.obolibrary.org/obo/XPO_0107337>		
<http://purl.obolibrary.org/obo/XPO_0107338>		
<http://purl.obolibrary.org/obo/XPO_0107358>		
<http://purl.obolibrary.org/obo/XPO_0107360>		
<http://purl.obolibrary.org/obo/XPO_0107361>		
<http://purl.obolibrary.org/obo/XPO_0107362>		
<http://purl.obolibrary.org/obo/XPO_0107363>		
<http://purl.obolibrary.org/obo/XPO_0107364>		
<http://purl.obolibrary.org/obo/XPO_0107365>		
<http://purl.obolibrary.org/obo/XPO_0107366>		
<http://purl.obolibrary.org/obo/XPO_0107367>		
<http://purl.obolibrary.org/obo/XPO_0107368>		
<http://purl.obolibrary.org/obo/XPO_0107369>		
<http://purl.obolibrary.org/obo/XPO_0107382>		
<http://purl.obolibrary.org/obo/XPO_0107383>		
<http://purl.obolibrary.org/obo/XPO_0107396>		
<http://purl.obolibrary.org/obo/XPO_0107397>		
<http://purl.obolibrary.org/obo/XPO_0107400>		
<http://purl.obolibrary.org/obo/XPO_0107401>		
<http://purl.obolibrary.org/obo/XPO_0107402>		
<http://purl.obolibrary.org/obo/XPO_0107403>		
<http://purl.obolibrary.org/obo/XPO_0107414>		
<http://purl.obolibrary.org/obo/XPO_0107415>		
<http://purl.obolibrary.org/obo/XPO_0107416>		
<http://purl.obolibrary.org/obo/XPO_0107417>		
<http://purl.obolibrary.org/obo/XPO_0107418>		
<http://purl.obolibrary.org/obo/XPO_0107419>		
<http://purl.obolibrary.org/obo/XPO_0107420>		
<http://purl.obolibrary.org/obo/XPO_0107421>		
<http://purl.obolibrary.org/obo/XPO_0107422>		
<http://purl.obolibrary.org/obo/XPO_0107423>		
<http://purl.obolibrary.org/obo/XPO_0107424>		
<http://purl.obolibrary.org/obo/XPO_0107425>		
<http://purl.obolibrary.org/obo/XPO_0115305>		
<http://purl.obolibrary.org/obo/XPO_0115309>		
<http://purl.obolibrary.org/obo/XPO_0115318>		
<http://purl.obolibrary.org/obo/XPO_0115321>		
<http://purl.obolibrary.org/obo/XPO_0115327>		
<http://purl.obolibrary.org/obo/XPO_0115328>		
<http://purl.obolibrary.org/obo/XPO_0115330>		
<http://purl.obolibrary.org/obo/XPO_0115333>		
<http://purl.obolibrary.org/obo/XPO_0115334>		
<http://purl.obolibrary.org/obo/XPO_0115339>		
<http://purl.obolibrary.org/obo/XPO_0115343>		
<http://purl.obolibrary.org/obo/XPO_0115344>		
<http://purl.obolibrary.org/obo/XPO_0115346>		
<http://purl.obolibrary.org/obo/XPO_0115354>		
<http://purl.obolibrary.org/obo/XPO_0115355>		
<http://purl.obolibrary.org/obo/XPO_0115356>		
<http://purl.obolibrary.org/obo/XPO_0115360>		
<http://purl.obolibrary.org/obo/XPO_0115361>		
<http://purl.obolibrary.org/obo/XPO_0115363>		
<http://purl.obolibrary.org/obo/XPO_0115365>		
<http://purl.obolibrary.org/obo/XPO_0115367>		
<http://purl.obolibrary.org/obo/XPO_0115368>		
<http://purl.obolibrary.org/obo/XPO_0115375>		
<http://purl.obolibrary.org/obo/XPO_0115377>		
<http://purl.obolibrary.org/obo/XPO_0115378>		
<http://purl.obolibrary.org/obo/XPO_0115380>		
<http://purl.obolibrary.org/obo/XPO_0115381>		
<http://purl.obolibrary.org/obo/XPO_0115382>		
<http://purl.obolibrary.org/obo/XPO_0115390>		
<http://purl.obolibrary.org/obo/XPO_0115394>		
<http://purl.obolibrary.org/obo/XPO_0115396>		
<http://purl.obolibrary.org/obo/XPO_0115398>		
<http://purl.obolibrary.org/obo/XPO_0115399>		
<http://purl.obolibrary.org/obo/XPO_0115400>		
<http://purl.obolibrary.org/obo/XPO_0115401>		
<http://purl.obolibrary.org/obo/XPO_0115402>		
<http://purl.obolibrary.org/obo/XPO_0115403>		
<http://purl.obolibrary.org/obo/XPO_0115406>		
<http://purl.obolibrary.org/obo/XPO_0115408>		
<http://purl.obolibrary.org/obo/XPO_0115410>		
<http://purl.obolibrary.org/obo/XPO_0115412>		
<http://purl.obolibrary.org/obo/XPO_0115418>		
<http://purl.obolibrary.org/obo/XPO_0115421>		
<http://purl.obolibrary.org/obo/XPO_0115422>		
<http://purl.obolibrary.org/obo/XPO_0115427>		
<http://purl.obolibrary.org/obo/XPO_0115429>		
<http://purl.obolibrary.org/obo/XPO_0115433>		
<http://purl.obolibrary.org/obo/XPO_0115438>		
<http://purl.obolibrary.org/obo/XPO_0115442>		
<http://purl.obolibrary.org/obo/XPO_0115443>		
<http://purl.obolibrary.org/obo/XPO_0115444>		
<http://purl.obolibrary.org/obo/XPO_0115449>		
<http://purl.obolibrary.org/obo/XPO_0115450>		
<http://purl.obolibrary.org/obo/XPO_0115454>		
<http://purl.obolibrary.org/obo/XPO_0115462>		
<http://purl.obolibrary.org/obo/XPO_0115472>		
<http://purl.obolibrary.org/obo/XPO_0115476>		
<http://purl.obolibrary.org/obo/XPO_0115477>		
<http://purl.obolibrary.org/obo/XPO_0115478>		
<http://purl.obolibrary.org/obo/XPO_0115485>		
<http://purl.obolibrary.org/obo/XPO_0115487>		
<http://purl.obolibrary.org/obo/XPO_0115490>		
<http://purl.obolibrary.org/obo/XPO_0115492>		
<http://purl.obolibrary.org/obo/XPO_0115493>		
<http://purl.obolibrary.org/obo/XPO_0115497>		
<http://purl.obolibrary.org/obo/XPO_0115501>		
<http://purl.obolibrary.org/obo/XPO_0115502>		
<http://purl.obolibrary.org/obo/XPO_0115503>		
<http://purl.obolibrary.org/obo/XPO_0115504>		
<http://purl.obolibrary.org/obo/XPO_0115513>		
<http://purl.obolibrary.org/obo/XPO_0115519>		
<http://purl.obolibrary.org/obo/XPO_0115520>		
<http://purl.obolibrary.org/obo/XPO_0115521>		
<http://purl.obolibrary.org/obo/XPO_0115522>		
<http://purl.obolibrary.org/obo/XPO_0115523>		
<http://purl.obolibrary.org/obo/XPO_0115524>		
<http://purl.obolibrary.org/obo/XPO_0115529>		
<http://purl.obolibrary.org/obo/XPO_0115530>		
<http://purl.obolibrary.org/obo/XPO_0115532>		
<http://purl.obolibrary.org/obo/XPO_0115536>		
<http://purl.obolibrary.org/obo/XPO_0115538>		
<http://purl.obolibrary.org/obo/XPO_0115543>		
<http://purl.obolibrary.org/obo/XPO_0115544>		
<http://purl.obolibrary.org/obo/XPO_0115545>		
<http://purl.obolibrary.org/obo/XPO_0115548>		
<http://purl.obolibrary.org/obo/XPO_0115549>		
<http://purl.obolibrary.org/obo/XPO_0115550>		
<http://purl.obolibrary.org/obo/XPO_0115551>		
<http://purl.obolibrary.org/obo/XPO_0115552>		
<http://purl.obolibrary.org/obo/XPO_0115554>		
<http://purl.obolibrary.org/obo/XPO_0115557>		
<http://purl.obolibrary.org/obo/XPO_0115562>		
<http://purl.obolibrary.org/obo/XPO_0115563>		
<http://purl.obolibrary.org/obo/XPO_0115564>		
<http://purl.obolibrary.org/obo/XPO_0115570>		
<http://purl.obolibrary.org/obo/XPO_0115571>		
<http://purl.obolibrary.org/obo/XPO_0115572>		
<http://purl.obolibrary.org/obo/XPO_0115575>		
<http://purl.obolibrary.org/obo/XPO_0115577>		
<http://purl.obolibrary.org/obo/XPO_0115578>		
<http://purl.obolibrary.org/obo/XPO_0115580>		
<http://purl.obolibrary.org/obo/XPO_0115581>		
<http://purl.obolibrary.org/obo/XPO_0115582>		
<http://purl.obolibrary.org/obo/XPO_0115583>		
<http://purl.obolibrary.org/obo/XPO_0115584>		
<http://purl.obolibrary.org/obo/XPO_0115587>		
<http://purl.obolibrary.org/obo/XPO_0115590>		
<http://purl.obolibrary.org/obo/XPO_0115593>		
<http://purl.obolibrary.org/obo/XPO_0115594>		
<http://purl.obolibrary.org/obo/XPO_0115599>		
<http://purl.obolibrary.org/obo/XPO_0115600>		
<http://purl.obolibrary.org/obo/XPO_0115607>		
<http://purl.obolibrary.org/obo/XPO_0115608>		
<http://purl.obolibrary.org/obo/XPO_0115616>		
<http://purl.obolibrary.org/obo/XPO_0115619>		
<http://purl.obolibrary.org/obo/XPO_0115642>		
<http://purl.obolibrary.org/obo/XPO_0115644>		
<http://purl.obolibrary.org/obo/XPO_0115649>		
<http://purl.obolibrary.org/obo/XPO_0115652>		
<http://purl.obolibrary.org/obo/XPO_0115653>		
<http://purl.obolibrary.org/obo/XPO_0115657>		
<http://purl.obolibrary.org/obo/XPO_0115658>		
<http://purl.obolibrary.org/obo/XPO_0115663>		
<http://purl.obolibrary.org/obo/XPO_0115665>		
<http://purl.obolibrary.org/obo/XPO_0115677>		
<http://purl.obolibrary.org/obo/XPO_0115679>		
<http://purl.obolibrary.org/obo/XPO_0115680>		
<http://purl.obolibrary.org/obo/XPO_0115681>		
<http://purl.obolibrary.org/obo/XPO_0115682>		
<http://purl.obolibrary.org/obo/XPO_0115690>		
<http://purl.obolibrary.org/obo/XPO_0115691>		
<http://purl.obolibrary.org/obo/XPO_0115694>		
<http://purl.obolibrary.org/obo/XPO_0115696>		
<http://purl.obolibrary.org/obo/XPO_0115697>		
<http://purl.obolibrary.org/obo/XPO_0115698>		
<http://purl.obolibrary.org/obo/XPO_0115701>		
<http://purl.obolibrary.org/obo/XPO_0115703>		
<http://purl.obolibrary.org/obo/XPO_0115708>		
<http://purl.obolibrary.org/obo/XPO_0115714>		
<http://purl.obolibrary.org/obo/XPO_0115722>		
<http://purl.obolibrary.org/obo/XPO_0115724>		
<http://purl.obolibrary.org/obo/XPO_0115729>		
<http://purl.obolibrary.org/obo/XPO_0115731>		
<http://purl.obolibrary.org/obo/XPO_0115734>		
<http://purl.obolibrary.org/obo/XPO_0115739>		
<http://purl.obolibrary.org/obo/XPO_0115741>		
<http://purl.obolibrary.org/obo/XPO_0115742>		
<http://purl.obolibrary.org/obo/XPO_0115744>		
<http://purl.obolibrary.org/obo/XPO_0115746>		
<http://purl.obolibrary.org/obo/XPO_0115748>		
<http://purl.obolibrary.org/obo/XPO_0115749>		
<http://purl.obolibrary.org/obo/XPO_0115750>		
<http://purl.obolibrary.org/obo/XPO_0115751>		
<http://purl.obolibrary.org/obo/XPO_0115752>		
<http://purl.obolibrary.org/obo/XPO_0115753>		
<http://purl.obolibrary.org/obo/XPO_0115755>		
<http://purl.obolibrary.org/obo/XPO_0115762>		
<http://purl.obolibrary.org/obo/XPO_0115763>		
<http://purl.obolibrary.org/obo/XPO_0115764>		
<http://purl.obolibrary.org/obo/XPO_0115765>		
<http://purl.obolibrary.org/obo/XPO_0115767>		
<http://purl.obolibrary.org/obo/XPO_0115769>		
<http://purl.obolibrary.org/obo/XPO_0115770>		
<http://purl.obolibrary.org/obo/XPO_0115794>		
<http://purl.obolibrary.org/obo/XPO_0115795>		
<http://purl.obolibrary.org/obo/XPO_0115806>		
<http://purl.obolibrary.org/obo/XPO_0115807>		
<http://purl.obolibrary.org/obo/XPO_0115808>		
<http://purl.obolibrary.org/obo/XPO_0115809>		
<http://purl.obolibrary.org/obo/XPO_0115823>		
<http://purl.obolibrary.org/obo/XPO_0115824>		
<http://purl.obolibrary.org/obo/XPO_0115825>		
<http://purl.obolibrary.org/obo/XPO_0115828>		
<http://purl.obolibrary.org/obo/XPO_0115829>		
<http://purl.obolibrary.org/obo/XPO_0115831>		
<http://purl.obolibrary.org/obo/XPO_0115832>		
<http://purl.obolibrary.org/obo/XPO_0115833>		
<http://purl.obolibrary.org/obo/XPO_0115834>		
<http://purl.obolibrary.org/obo/XPO_0115835>		
<http://purl.obolibrary.org/obo/XPO_0115836>		
<http://purl.obolibrary.org/obo/XPO_0115837>		
<http://purl.obolibrary.org/obo/XPO_0115838>		
<http://purl.obolibrary.org/obo/XPO_0115839>		
<http://purl.obolibrary.org/obo/XPO_0115840>		
<http://purl.obolibrary.org/obo/XPO_0115841>		
<http://purl.obolibrary.org/obo/XPO_0115842>		
<http://purl.obolibrary.org/obo/XPO_0115843>		
<http://purl.obolibrary.org/obo/XPO_0115844>		
<http://purl.obolibrary.org/obo/XPO_0115845>		
<http://purl.obolibrary.org/obo/XPO_0115846>		
<http://purl.obolibrary.org/obo/XPO_0115847>		
<http://purl.obolibrary.org/obo/XPO_0115848>		
<http://purl.obolibrary.org/obo/XPO_0115849>		
<http://purl.obolibrary.org/obo/XPO_0115850>		
<http://purl.obolibrary.org/obo/XPO_0115851>		
<http://purl.obolibrary.org/obo/XPO_0115852>		
<http://purl.obolibrary.org/obo/XPO_0115853>		
<http://purl.obolibrary.org/obo/XPO_0115854>		
<http://purl.obolibrary.org/obo/XPO_0115855>		
<http://purl.obolibrary.org/obo/XPO_0115856>		
<http://purl.obolibrary.org/obo/XPO_0115857>		
<http://purl.obolibrary.org/obo/XPO_0115858>		
<http://purl.obolibrary.org/obo/XPO_0115859>		
<http://purl.obolibrary.org/obo/XPO_0115860>		
<http://purl.obolibrary.org/obo/XPO_0115861>		
<http://purl.obolibrary.org/obo/XPO_0115862>		
<http://purl.obolibrary.org/obo/XPO_0115863>		
<http://purl.obolibrary.org/obo/XPO_0115864>		
<http://purl.obolibrary.org/obo/XPO_0115865>		
<http://purl.obolibrary.org/obo/XPO_0115866>		
<http://purl.obolibrary.org/obo/XPO_0115867>		
<http://purl.obolibrary.org/obo/XPO_0115868>		
<http://purl.obolibrary.org/obo/XPO_0115869>		
<http://purl.obolibrary.org/obo/XPO_0115870>		
<http://purl.obolibrary.org/obo/XPO_0115871>		
<http://purl.obolibrary.org/obo/XPO_0115872>		
<http://purl.obolibrary.org/obo/XPO_0115873>		
<http://purl.obolibrary.org/obo/XPO_0115874>		
<http://purl.obolibrary.org/obo/XPO_0115875>		
<http://purl.obolibrary.org/obo/XPO_0115876>		
<http://purl.obolibrary.org/obo/XPO_0115877>		
<http://purl.obolibrary.org/obo/XPO_0115878>		
<http://purl.obolibrary.org/obo/XPO_0115879>		
<http://purl.obolibrary.org/obo/XPO_0115880>		
<http://purl.obolibrary.org/obo/XPO_0115881>		
<http://purl.obolibrary.org/obo/XPO_0115882>		
<http://purl.obolibrary.org/obo/XPO_0115883>		
<http://purl.obolibrary.org/obo/XPO_0115884>		
<http://purl.obolibrary.org/obo/XPO_0115885>		
<http://purl.obolibrary.org/obo/XPO_0115886>		
<http://purl.obolibrary.org/obo/XPO_0115887>		
<http://purl.obolibrary.org/obo/XPO_0115888>		
<http://purl.obolibrary.org/obo/XPO_0115889>		
<http://purl.obolibrary.org/obo/XPO_0115890>		
<http://purl.obolibrary.org/obo/XPO_0115891>		
<http://purl.obolibrary.org/obo/XPO_0115892>		
<http://purl.obolibrary.org/obo/XPO_0115893>		
<http://purl.obolibrary.org/obo/XPO_0115894>		
<http://purl.obolibrary.org/obo/XPO_0115895>		
<http://purl.obolibrary.org/obo/XPO_0115896>		
<http://purl.obolibrary.org/obo/XPO_0115897>		
<http://purl.obolibrary.org/obo/XPO_0115898>		
<http://purl.obolibrary.org/obo/XPO_0115899>		
<http://purl.obolibrary.org/obo/XPO_0115900>		
<http://purl.obolibrary.org/obo/XPO_0115901>		
<http://purl.obolibrary.org/obo/XPO_0115902>		
<http://purl.obolibrary.org/obo/XPO_0115903>		
<http://purl.obolibrary.org/obo/XPO_0115904>		
<http://purl.obolibrary.org/obo/XPO_0115905>		
<http://purl.obolibrary.org/obo/XPO_0115906>		
<http://purl.obolibrary.org/obo/XPO_0115907>		
<http://purl.obolibrary.org/obo/XPO_0115908>		
<http://purl.obolibrary.org/obo/XPO_0115909>		
<http://purl.obolibrary.org/obo/XPO_0115910>		
<http://purl.obolibrary.org/obo/XPO_0115911>		
<http://purl.obolibrary.org/obo/XPO_0115912>		
<http://purl.obolibrary.org/obo/XPO_0115913>		
<http://purl.obolibrary.org/obo/XPO_0115914>		
<http://purl.obolibrary.org/obo/XPO_0115915>		
<http://purl.obolibrary.org/obo/XPO_0115916>		
<http://purl.obolibrary.org/obo/XPO_0115920>		
<http://purl.obolibrary.org/obo/XPO_0115921>		
<http://purl.obolibrary.org/obo/XPO_0115922>		
<http://purl.obolibrary.org/obo/XPO_0115923>		
<http://purl.obolibrary.org/obo/XPO_0115924>		
<http://purl.obolibrary.org/obo/XPO_0115925>		
<http://purl.obolibrary.org/obo/XPO_0115926>		
<http://purl.obolibrary.org/obo/XPO_0115927>		
<http://purl.obolibrary.org/obo/XPO_0115928>		
<http://purl.obolibrary.org/obo/XPO_0115929>		
<http://purl.obolibrary.org/obo/XPO_0115930>		
<http://purl.obolibrary.org/obo/XPO_0115931>		
<http://purl.obolibrary.org/obo/XPO_0115932>		
<http://purl.obolibrary.org/obo/XPO_0115933>		
<http://purl.obolibrary.org/obo/XPO_0115934>		
<http://purl.obolibrary.org/obo/XPO_0115935>		
<http://purl.obolibrary.org/obo/XPO_0115936>		
<http://purl.obolibrary.org/obo/XPO_0115937>		
<http://purl.obolibrary.org/obo/XPO_0115938>		
<http://purl.obolibrary.org/obo/XPO_0115939>		
<http://purl.obolibrary.org/obo/XPO_0115940>		
<http://purl.obolibrary.org/obo/XPO_0115941>		
<http://purl.obolibrary.org/obo/XPO_0115942>		
<http://purl.obolibrary.org/obo/XPO_0115943>		
<http://purl.obolibrary.org/obo/XPO_0115944>		
<http://purl.obolibrary.org/obo/XPO_0115945>		
<http://purl.obolibrary.org/obo/XPO_0115946>		
<http://purl.obolibrary.org/obo/XPO_0115947>		
<http://purl.obolibrary.org/obo/XPO_0115948>		
<http://purl.obolibrary.org/obo/XPO_0115949>		
<http://purl.obolibrary.org/obo/XPO_0115950>		
<http://purl.obolibrary.org/obo/XPO_0115951>		
<http://purl.obolibrary.org/obo/XPO_0115952>		
<http://purl.obolibrary.org/obo/XPO_0115953>		
<http://purl.obolibrary.org/obo/XPO_0115954>		
<http://purl.obolibrary.org/obo/XPO_0115955>		
<http://purl.obolibrary.org/obo/XPO_0115956>		
<http://purl.obolibrary.org/obo/XPO_0115957>		
<http://purl.obolibrary.org/obo/XPO_0115958>		
<http://purl.obolibrary.org/obo/XPO_0115959>		
<http://purl.obolibrary.org/obo/XPO_0115960>		
<http://purl.obolibrary.org/obo/XPO_0115961>		
<http://purl.obolibrary.org/obo/XPO_0115962>		
<http://purl.obolibrary.org/obo/XPO_0115963>		
<http://purl.obolibrary.org/obo/XPO_0115964>		
<http://purl.obolibrary.org/obo/XPO_0115965>		
<http://purl.obolibrary.org/obo/XPO_0115966>		
<http://purl.obolibrary.org/obo/XPO_0115967>		
<http://purl.obolibrary.org/obo/XPO_0115968>		
<http://purl.obolibrary.org/obo/XPO_0115969>		
<http://purl.obolibrary.org/obo/XPO_0115971>		
<http://purl.obolibrary.org/obo/XPO_0115972>		
<http://purl.obolibrary.org/obo/XPO_0115973>		
<http://purl.obolibrary.org/obo/XPO_0115974>		
<http://purl.obolibrary.org/obo/XPO_0115975>		
<http://purl.obolibrary.org/obo/XPO_0115976>		
<http://purl.obolibrary.org/obo/XPO_0115977>		
<http://purl.obolibrary.org/obo/XPO_0115978>		
<http://purl.obolibrary.org/obo/XPO_0115979>		
<http://purl.obolibrary.org/obo/XPO_0115980>		
<http://purl.obolibrary.org/obo/XPO_0115981>		
<http://purl.obolibrary.org/obo/XPO_0115982>		
<http://purl.obolibrary.org/obo/XPO_0115983>		
<http://purl.obolibrary.org/obo/XPO_0115984>		
<http://purl.obolibrary.org/obo/XPO_0115985>		
<http://purl.obolibrary.org/obo/XPO_0115986>		
<http://purl.obolibrary.org/obo/XPO_0115987>		
<http://purl.obolibrary.org/obo/XPO_0115994>		
<http://purl.obolibrary.org/obo/XPO_0115995>		
<http://purl.obolibrary.org/obo/XPO_0115997>		
<http://purl.obolibrary.org/obo/XPO_0115998>		
<http://purl.obolibrary.org/obo/XPO_0115999>		
<http://purl.obolibrary.org/obo/XPO_0116000>		
<http://purl.obolibrary.org/obo/XPO_0116001>		
<http://purl.obolibrary.org/obo/XPO_0116002>		
<http://purl.obolibrary.org/obo/XPO_0116003>		
<http://purl.obolibrary.org/obo/XPO_0116004>		
<http://purl.obolibrary.org/obo/XPO_0116006>		
<http://purl.obolibrary.org/obo/XPO_0116007>		
<http://purl.obolibrary.org/obo/XPO_0116008>		
<http://purl.obolibrary.org/obo/XPO_0116009>		
<http://purl.obolibrary.org/obo/XPO_0116010>		
<http://purl.obolibrary.org/obo/XPO_0116011>		
<http://purl.obolibrary.org/obo/XPO_0116012>		
<http://purl.obolibrary.org/obo/XPO_0116013>		
<http://purl.obolibrary.org/obo/XPO_0116014>		
<http://purl.obolibrary.org/obo/XPO_0116015>		
<http://purl.obolibrary.org/obo/XPO_0116016>		
<http://purl.obolibrary.org/obo/XPO_0116017>		
<http://purl.obolibrary.org/obo/XPO_0116018>		
<http://purl.obolibrary.org/obo/XPO_0116019>		
<http://purl.obolibrary.org/obo/XPO_0116020>		
<http://purl.obolibrary.org/obo/XPO_0116021>		
<http://purl.obolibrary.org/obo/XPO_0116022>		
<http://purl.obolibrary.org/obo/XPO_0116023>		
<http://purl.obolibrary.org/obo/XPO_0116024>		
<http://purl.obolibrary.org/obo/XPO_0116025>		
<http://purl.obolibrary.org/obo/XPO_0116026>		
<http://purl.obolibrary.org/obo/XPO_0116027>		
<http://purl.obolibrary.org/obo/XPO_0116029>		
<http://purl.obolibrary.org/obo/XPO_0116030>		
<http://purl.obolibrary.org/obo/XPO_0116031>		
<http://purl.obolibrary.org/obo/XPO_0116032>		
<http://purl.obolibrary.org/obo/XPO_0116033>		
<http://purl.obolibrary.org/obo/XPO_0116034>		
<http://purl.obolibrary.org/obo/XPO_0116035>		
<http://purl.obolibrary.org/obo/XPO_0116036>		
<http://purl.obolibrary.org/obo/XPO_0116037>		
<http://purl.obolibrary.org/obo/XPO_0116038>		
<http://purl.obolibrary.org/obo/XPO_0116039>		
<http://purl.obolibrary.org/obo/XPO_0116040>		
<http://purl.obolibrary.org/obo/XPO_0116041>		
<http://purl.obolibrary.org/obo/XPO_0116042>		
<http://purl.obolibrary.org/obo/XPO_0116043>		
<http://purl.obolibrary.org/obo/XPO_0116044>		
<http://purl.obolibrary.org/obo/XPO_0116045>		
<http://purl.obolibrary.org/obo/XPO_0116046>		
<http://purl.obolibrary.org/obo/XPO_0116047>		
<http://purl.obolibrary.org/obo/XPO_0116048>		
<http://purl.obolibrary.org/obo/XPO_0116049>		
<http://purl.obolibrary.org/obo/XPO_0116050>		
<http://purl.obolibrary.org/obo/XPO_0116051>		
<http://purl.obolibrary.org/obo/XPO_0116052>		
<http://purl.obolibrary.org/obo/XPO_0116053>		
<http://purl.obolibrary.org/obo/XPO_0116054>		
<http://purl.obolibrary.org/obo/XPO_0116055>		
<http://purl.obolibrary.org/obo/XPO_0116056>		
<http://purl.obolibrary.org/obo/XPO_0116057>		
<http://purl.obolibrary.org/obo/XPO_0116058>		
<http://purl.obolibrary.org/obo/XPO_0116059>		
<http://purl.obolibrary.org/obo/XPO_0116060>		
<http://purl.obolibrary.org/obo/XPO_0116061>		
<http://purl.obolibrary.org/obo/XPO_0116062>		
<http://purl.obolibrary.org/obo/XPO_0116063>		
<http://purl.obolibrary.org/obo/XPO_0116064>		
<http://purl.obolibrary.org/obo/XPO_0116065>		
<http://purl.obolibrary.org/obo/XPO_0116066>		
<http://purl.obolibrary.org/obo/XPO_0116067>		
<http://purl.obolibrary.org/obo/XPO_0116068>		
<http://purl.obolibrary.org/obo/XPO_0116069>		
<http://purl.obolibrary.org/obo/XPO_0116070>		
<http://purl.obolibrary.org/obo/XPO_0116071>		
<http://purl.obolibrary.org/obo/XPO_0116072>		
<http://purl.obolibrary.org/obo/XPO_0116073>		
<http://purl.obolibrary.org/obo/XPO_0116074>		
<http://purl.obolibrary.org/obo/XPO_0116075>		
<http://purl.obolibrary.org/obo/XPO_0116076>		
<http://purl.obolibrary.org/obo/XPO_0116077>		
<http://purl.obolibrary.org/obo/XPO_0116078>		
<http://purl.obolibrary.org/obo/XPO_0116079>		
<http://purl.obolibrary.org/obo/XPO_0116080>		
<http://purl.obolibrary.org/obo/XPO_0116081>		
<http://purl.obolibrary.org/obo/XPO_0116082>		
<http://purl.obolibrary.org/obo/XPO_0116083>		
<http://purl.obolibrary.org/obo/XPO_0116084>		
<http://purl.obolibrary.org/obo/XPO_0116085>		
<http://purl.obolibrary.org/obo/XPO_0116086>		
<http://purl.obolibrary.org/obo/XPO_0116087>		
<http://purl.obolibrary.org/obo/XPO_0116088>		
<http://purl.obolibrary.org/obo/XPO_0116090>		
<http://purl.obolibrary.org/obo/XPO_0116092>		
<http://purl.obolibrary.org/obo/XPO_0116093>		
<http://purl.obolibrary.org/obo/XPO_0116095>		
<http://purl.obolibrary.org/obo/XPO_0116099>		
<http://purl.obolibrary.org/obo/XPO_0116100>		
<http://purl.obolibrary.org/obo/XPO_0116101>		
<http://purl.obolibrary.org/obo/XPO_0116102>		
<http://purl.obolibrary.org/obo/XPO_0116103>		
<http://purl.obolibrary.org/obo/XPO_0116104>		
<http://purl.obolibrary.org/obo/XPO_0116105>		
<http://purl.obolibrary.org/obo/XPO_0116106>		
<http://purl.obolibrary.org/obo/XPO_0116107>		
<http://purl.obolibrary.org/obo/XPO_0116108>		
<http://purl.obolibrary.org/obo/XPO_0116109>		
<http://purl.obolibrary.org/obo/XPO_0116110>		
<http://purl.obolibrary.org/obo/XPO_0116111>		
<http://purl.obolibrary.org/obo/XPO_0116113>		
<http://purl.obolibrary.org/obo/XPO_0116114>		
<http://purl.obolibrary.org/obo/XPO_0116115>		
<http://purl.obolibrary.org/obo/XPO_0116116>		
<http://purl.obolibrary.org/obo/XPO_0116117>		
<http://purl.obolibrary.org/obo/XPO_0116118>		
<http://purl.obolibrary.org/obo/XPO_0116120>		
<http://purl.obolibrary.org/obo/XPO_0116121>		
<http://purl.obolibrary.org/obo/XPO_0116122>		
<http://purl.obolibrary.org/obo/XPO_0116123>		
<http://purl.obolibrary.org/obo/XPO_0116124>		
<http://purl.obolibrary.org/obo/XPO_0116125>		
<http://purl.obolibrary.org/obo/XPO_0116126>		
<http://purl.obolibrary.org/obo/XPO_0116127>		
<http://purl.obolibrary.org/obo/XPO_0116128>		
<http://purl.obolibrary.org/obo/XPO_0116129>		
<http://purl.obolibrary.org/obo/XPO_0116130>		
<http://purl.obolibrary.org/obo/XPO_0116131>		
<http://purl.obolibrary.org/obo/XPO_0116132>		
<http://purl.obolibrary.org/obo/XPO_0116133>		
<http://purl.obolibrary.org/obo/XPO_0116134>		
<http://purl.obolibrary.org/obo/XPO_0116135>		
<http://purl.obolibrary.org/obo/XPO_0116136>		
<http://purl.obolibrary.org/obo/XPO_0116137>		
<http://purl.obolibrary.org/obo/XPO_0116138>		
<http://purl.obolibrary.org/obo/XPO_0116139>		
<http://purl.obolibrary.org/obo/XPO_0116140>		
<http://purl.obolibrary.org/obo/XPO_0116141>		
<http://purl.obolibrary.org/obo/XPO_0116142>		
<http://purl.obolibrary.org/obo/XPO_0116143>		
<http://purl.obolibrary.org/obo/XPO_0116144>		
<http://purl.obolibrary.org/obo/XPO_0116145>		
<http://purl.obolibrary.org/obo/XPO_0116146>		
<http://purl.obolibrary.org/obo/XPO_0116147>		
<http://purl.obolibrary.org/obo/XPO_0116148>		
<http://purl.obolibrary.org/obo/XPO_0116149>		
<http://purl.obolibrary.org/obo/XPO_0116150>		
<http://purl.obolibrary.org/obo/XPO_0116151>		
<http://purl.obolibrary.org/obo/XPO_0116152>		
<http://purl.obolibrary.org/obo/XPO_0116153>		
<http://purl.obolibrary.org/obo/XPO_0116154>		
<http://purl.obolibrary.org/obo/XPO_0116155>		
<http://purl.obolibrary.org/obo/XPO_0116156>		
<http://purl.obolibrary.org/obo/XPO_0116157>		
<http://purl.obolibrary.org/obo/XPO_0116158>		
<http://purl.obolibrary.org/obo/XPO_0116159>		
<http://purl.obolibrary.org/obo/XPO_0116160>		
<http://purl.obolibrary.org/obo/XPO_0116161>		
<http://purl.obolibrary.org/obo/XPO_0116162>		
<http://purl.obolibrary.org/obo/XPO_0116163>		
<http://purl.obolibrary.org/obo/XPO_0116164>		
<http://purl.obolibrary.org/obo/XPO_0116165>		
<http://purl.obolibrary.org/obo/XPO_0116166>		
<http://purl.obolibrary.org/obo/XPO_0116167>		
<http://purl.obolibrary.org/obo/XPO_0116168>		
<http://purl.obolibrary.org/obo/XPO_0116430>		
<http://purl.obolibrary.org/obo/XPO_0116431>		
<http://purl.obolibrary.org/obo/XPO_0116432>		
<http://purl.obolibrary.org/obo/XPO_0116435>		
<http://purl.obolibrary.org/obo/XPO_0116436>		
<http://purl.obolibrary.org/obo/XPO_0116437>		
<http://purl.obolibrary.org/obo/XPO_0116438>		
<http://purl.obolibrary.org/obo/XPO_0116439>		
<http://purl.obolibrary.org/obo/XPO_0116440>		
<http://purl.obolibrary.org/obo/XPO_0116441>		
<http://purl.obolibrary.org/obo/XPO_0116442>		
<http://purl.obolibrary.org/obo/XPO_0116443>		
<http://purl.obolibrary.org/obo/XPO_0116444>		
<http://purl.obolibrary.org/obo/XPO_0116445>		
<http://purl.obolibrary.org/obo/XPO_0116446>		
<http://purl.obolibrary.org/obo/XPO_0116447>		
<http://purl.obolibrary.org/obo/XPO_0116448>		
<http://purl.obolibrary.org/obo/XPO_0116449>		
<http://purl.obolibrary.org/obo/XPO_0116450>		
<http://purl.obolibrary.org/obo/XPO_0116451>		
<http://purl.obolibrary.org/obo/XPO_0116452>		
<http://purl.obolibrary.org/obo/XPO_0116453>		
<http://purl.obolibrary.org/obo/XPO_0116454>		
<http://purl.obolibrary.org/obo/XPO_0116455>		
<http://purl.obolibrary.org/obo/XPO_0116456>		
<http://purl.obolibrary.org/obo/XPO_0116457>		
<http://purl.obolibrary.org/obo/XPO_0116458>		
<http://purl.obolibrary.org/obo/XPO_0116459>		
<http://purl.obolibrary.org/obo/XPO_0116460>		
<http://purl.obolibrary.org/obo/XPO_0116461>		
<http://purl.obolibrary.org/obo/XPO_0116462>		
<http://purl.obolibrary.org/obo/XPO_0116463>		
<http://purl.obolibrary.org/obo/XPO_0116464>		
<http://purl.obolibrary.org/obo/XPO_0116465>		
<http://purl.obolibrary.org/obo/XPO_0116466>		
<http://purl.obolibrary.org/obo/XPO_0116467>		
<http://purl.obolibrary.org/obo/XPO_0116468>		
<http://purl.obolibrary.org/obo/XPO_0116469>		
<http://purl.obolibrary.org/obo/XPO_0116470>		
<http://purl.obolibrary.org/obo/XPO_0116471>		
<http://purl.obolibrary.org/obo/XPO_0116472>		
<http://purl.obolibrary.org/obo/XPO_0116473>		
<http://purl.obolibrary.org/obo/XPO_0116474>		
<http://purl.obolibrary.org/obo/XPO_0116475>		
<http://purl.obolibrary.org/obo/XPO_0116476>		
<http://purl.obolibrary.org/obo/XPO_0116477>		
<http://purl.obolibrary.org/obo/XPO_0116478>		
<http://purl.obolibrary.org/obo/XPO_0116479>		
<http://purl.obolibrary.org/obo/XPO_0116480>		
<http://purl.obolibrary.org/obo/XPO_0116481>		
<http://purl.obolibrary.org/obo/XPO_0116482>		
<http://purl.obolibrary.org/obo/XPO_0116483>		
<http://purl.obolibrary.org/obo/XPO_0116484>		
<http://purl.obolibrary.org/obo/XPO_0116485>		
<http://purl.obolibrary.org/obo/XPO_0116486>		
<http://purl.obolibrary.org/obo/XPO_0116487>		
<http://purl.obolibrary.org/obo/XPO_0116488>		
<http://purl.obolibrary.org/obo/XPO_0116489>		
<http://purl.obolibrary.org/obo/XPO_0116490>		
<http://purl.obolibrary.org/obo/XPO_0116491>		
<http://purl.obolibrary.org/obo/XPO_0116492>		
<http://purl.obolibrary.org/obo/XPO_0116493>		
<http://purl.obolibrary.org/obo/XPO_0124909>		
<http://purl.obolibrary.org/obo/XPO_0125187>		
<http://purl.obolibrary.org/obo/XPO_0125553>		
<http://purl.obolibrary.org/obo/XPO_0125564>		
<http://purl.obolibrary.org/obo/XPO_0125615>		
<http://purl.obolibrary.org/obo/XPO_0125636>		
<http://purl.obolibrary.org/obo/XPO_0125687>		
<http://purl.obolibrary.org/obo/XPO_0125709>		
<http://purl.obolibrary.org/obo/XPO_0125823>		
<http://purl.obolibrary.org/obo/XPO_0125898>		
<http://purl.obolibrary.org/obo/XPO_0125929>		
<http://purl.obolibrary.org/obo/XPO_0126022>		
<http://purl.obolibrary.org/obo/XPO_0126024>		
<http://purl.obolibrary.org/obo/XPO_0126141>		
<http://purl.obolibrary.org/obo/XPO_0126236>		
<http://purl.obolibrary.org/obo/XPO_0126523>		
<http://purl.obolibrary.org/obo/XPO_0126810>		
<http://purl.obolibrary.org/obo/XPO_0127190>		
<http://purl.obolibrary.org/obo/XPO_0127201>		
<http://purl.obolibrary.org/obo/XPO_0127279>		
<http://purl.obolibrary.org/obo/XPO_0127332>		
<http://purl.obolibrary.org/obo/XPO_0127355>		
<http://purl.obolibrary.org/obo/XPO_0127475>		
<http://purl.obolibrary.org/obo/XPO_0127552>		
<http://purl.obolibrary.org/obo/XPO_0127583>		
<http://purl.obolibrary.org/obo/XPO_0127681>		
<http://purl.obolibrary.org/obo/XPO_0127802>		
<http://purl.obolibrary.org/obo/XPO_0127900>		
<http://purl.obolibrary.org/obo/XPO_0128280>		
<http://purl.obolibrary.org/obo/XPO_0128677>		
<http://purl.obolibrary.org/obo/XPO_0128735>		
<http://purl.obolibrary.org/obo/XPO_0129074>		
<http://purl.obolibrary.org/obo/XPO_0129095>		
<http://purl.obolibrary.org/obo/XPO_0129146>		
<http://purl.obolibrary.org/obo/XPO_0129149>		
<http://purl.obolibrary.org/obo/XPO_0129158>		
<http://purl.obolibrary.org/obo/XPO_0129255>		
<http://purl.obolibrary.org/obo/XPO_0129411>		
<http://purl.obolibrary.org/obo/XPO_0129760>		
<http://purl.obolibrary.org/obo/XPO_0130156>		
<http://purl.obolibrary.org/obo/XPO_0130213>		
<http://purl.obolibrary.org/obo/XPO_0130551>		
<http://purl.obolibrary.org/obo/XPO_0130572>		
<http://purl.obolibrary.org/obo/XPO_0130622>		
<http://purl.obolibrary.org/obo/XPO_0130625>		
<http://purl.obolibrary.org/obo/XPO_0130634>		
<http://purl.obolibrary.org/obo/XPO_0130731>		
<http://purl.obolibrary.org/obo/XPO_0130885>		
<http://purl.obolibrary.org/obo/XPO_0131717>		
<http://purl.obolibrary.org/obo/XPO_0132024>		
<http://purl.obolibrary.org/obo/XPO_0132350>		
<http://purl.obolibrary.org/obo/XPO_0132562>		
<http://purl.obolibrary.org/obo/XPO_0132754>		
<http://purl.obolibrary.org/obo/XPO_0132769>		
<http://purl.obolibrary.org/obo/XPO_0132776>		
<http://purl.obolibrary.org/obo/XPO_0132990>		
<http://purl.obolibrary.org/obo/XPO_0133301>		
<http://purl.obolibrary.org/obo/XPO_0133373>		
<http://purl.obolibrary.org/obo/XPO_0133404>		
<http://purl.obolibrary.org/obo/XPO_0133405>		
<http://purl.obolibrary.org/obo/XPO_0133406>		
<http://purl.obolibrary.org/obo/XPO_0133407>		
<http://purl.obolibrary.org/obo/XPO_0133408>		
<http://purl.obolibrary.org/obo/XPO_0133409>		
<http://purl.obolibrary.org/obo/XPO_0133410>		
<http://purl.obolibrary.org/obo/XPO_0133411>		
<http://purl.obolibrary.org/obo/XPO_0133412>		
<http://purl.obolibrary.org/obo/XPO_0133413>		
<http://purl.obolibrary.org/obo/XPO_0133414>		
<http://purl.obolibrary.org/obo/XPO_0133415>		
<http://purl.obolibrary.org/obo/XPO_0133416>		
<http://purl.obolibrary.org/obo/XPO_0133417>		
<http://purl.obolibrary.org/obo/XPO_0133418>		
<http://purl.obolibrary.org/obo/XPO_0133419>		
<http://purl.obolibrary.org/obo/XPO_0133420>		
<http://purl.obolibrary.org/obo/XPO_0133454>		
<http://purl.obolibrary.org/obo/XPO_0133455>		
<http://purl.obolibrary.org/obo/XPO_0133456>		
<http://purl.obolibrary.org/obo/XPO_0133457>		
<http://purl.obolibrary.org/obo/XPO_0133458>		
<http://purl.obolibrary.org/obo/XPO_0133459>		
<http://purl.obolibrary.org/obo/XPO_0133460>		
<http://purl.obolibrary.org/obo/XPO_0133461>		
<http://purl.obolibrary.org/obo/XPO_0133462>		
<http://purl.obolibrary.org/obo/XPO_0133463>		
<http://purl.obolibrary.org/obo/XPO_0133464>		
<http://purl.obolibrary.org/obo/XPO_0133465>		
<http://purl.obolibrary.org/obo/XPO_0133466>		
<http://purl.obolibrary.org/obo/XPO_0133467>		
<http://purl.obolibrary.org/obo/XPO_0133468>		
<http://purl.obolibrary.org/obo/XPO_0133469>		
<http://purl.obolibrary.org/obo/XPO_0133470>		
<http://purl.obolibrary.org/obo/XPO_0133488>		
<http://purl.obolibrary.org/obo/XPO_0133489>		
<http://purl.obolibrary.org/obo/XPO_0133490>		
<http://purl.obolibrary.org/obo/XPO_0133491>		
<http://purl.obolibrary.org/obo/XPO_0133492>		
<http://purl.obolibrary.org/obo/XPO_0133493>		
<http://purl.obolibrary.org/obo/XPO_0133494>		
<http://purl.obolibrary.org/obo/XPO_0133495>		
<http://purl.obolibrary.org/obo/XPO_0133496>		
<http://purl.obolibrary.org/obo/XPO_0133497>		
<http://purl.obolibrary.org/obo/XPO_0133498>		
<http://purl.obolibrary.org/obo/XPO_0133499>		
<http://purl.obolibrary.org/obo/XPO_0133500>		
<http://purl.obolibrary.org/obo/XPO_0133501>		
<http://purl.obolibrary.org/obo/XPO_0133502>		
<http://purl.obolibrary.org/obo/XPO_0133503>		
<http://purl.obolibrary.org/obo/XPO_0133504>		
<http://purl.obolibrary.org/obo/XPO_0133505>		
<http://purl.obolibrary.org/obo/XPO_0133706>		
<http://purl.obolibrary.org/obo/XPO_0133713>		
<http://purl.obolibrary.org/obo/XPO_0133714>		
<http://purl.obolibrary.org/obo/XPO_0133725>		
<http://purl.obolibrary.org/obo/XPO_0133752>		
<http://purl.obolibrary.org/obo/XPO_0134452>		
<http://purl.obolibrary.org/obo/XPO_0134453>		
<http://purl.obolibrary.org/obo/XPO_0134454>		
<http://purl.obolibrary.org/obo/XPO_0134621>		
<http://purl.obolibrary.org/obo/XPO_0134646>		
<http://purl.obolibrary.org/obo/XPO_0134753>		
<http://purl.obolibrary.org/obo/XPO_0134754>		
<http://purl.obolibrary.org/obo/XPO_0134774>		
<http://purl.obolibrary.org/obo/XPO_0134775>		
<http://purl.obolibrary.org/obo/XPO_0134776>		
<http://purl.obolibrary.org/obo/XPO_0134777>		
<http://purl.obolibrary.org/obo/XPO_0134778>		
<http://purl.obolibrary.org/obo/XPO_0134779>		
<http://purl.obolibrary.org/obo/XPO_0134780>		
<http://purl.obolibrary.org/obo/XPO_0134781>		
<http://purl.obolibrary.org/obo/XPO_0134782>		
<http://purl.obolibrary.org/obo/XPO_0134804>		
<http://purl.obolibrary.org/obo/XPO_0134805>		
<http://purl.obolibrary.org/obo/XPO_0134834>		
<http://purl.obolibrary.org/obo/XPO_0134848>		
<http://purl.obolibrary.org/obo/XPO_0134882>		
<http://purl.obolibrary.org/obo/XPO_0134883>		
<http://purl.obolibrary.org/obo/XPO_0134884>		
<http://purl.obolibrary.org/obo/XPO_0134885>		
<http://purl.obolibrary.org/obo/XPO_0134887>		
<http://purl.obolibrary.org/obo/XPO_0134888>		
<http://purl.obolibrary.org/obo/XPO_0134897>		
<http://purl.obolibrary.org/obo/XPO_0134903>		
<http://purl.obolibrary.org/obo/XPO_0134918>		
<http://purl.obolibrary.org/obo/XPO_0134988>		
<http://purl.obolibrary.org/obo/XPO_0134989>		
<http://purl.obolibrary.org/obo/XPO_0135002>		
<http://purl.obolibrary.org/obo/XPO_0135003>		
<http://purl.obolibrary.org/obo/XPO_0135014>		
<http://purl.obolibrary.org/obo/XPO_0135015>		
<http://purl.obolibrary.org/obo/XPO_0135018>		
<http://purl.obolibrary.org/obo/XPO_0135020>		
<http://purl.obolibrary.org/obo/XPO_0135021>		
<http://purl.obolibrary.org/obo/XPO_0135022>		
<http://purl.obolibrary.org/obo/XPO_0135026>		
<http://purl.obolibrary.org/obo/XPO_0135032>		
<http://purl.obolibrary.org/obo/XPO_0135046>		
<http://purl.obolibrary.org/obo/XPO_0135047>		
<http://purl.obolibrary.org/obo/XPO_0135048>		
<http://purl.obolibrary.org/obo/XPO_0135052>		
<http://purl.obolibrary.org/obo/XPO_0135053>		
<http://purl.obolibrary.org/obo/XPO_0135054>		
<http://purl.obolibrary.org/obo/XPO_0135257>		
<http://purl.obolibrary.org/obo/XPO_0135264>		
<http://purl.obolibrary.org/obo/XPO_0135265>		
<http://purl.obolibrary.org/obo/XPO_0135276>		
<http://purl.obolibrary.org/obo/XPO_0135303>		
<http://purl.obolibrary.org/obo/XPO_0136003>		
<http://purl.obolibrary.org/obo/XPO_0136004>		
<http://purl.obolibrary.org/obo/XPO_0136005>		
<http://purl.obolibrary.org/obo/XPO_0136172>		
<http://purl.obolibrary.org/obo/XPO_0136197>		
<http://purl.obolibrary.org/obo/XPO_0136304>		
<http://purl.obolibrary.org/obo/XPO_0136305>		
<http://purl.obolibrary.org/obo/XPO_0136325>		
<http://purl.obolibrary.org/obo/XPO_0136326>		
<http://purl.obolibrary.org/obo/XPO_0136327>		
<http://purl.obolibrary.org/obo/XPO_0136328>		
<http://purl.obolibrary.org/obo/XPO_0136329>		
<http://purl.obolibrary.org/obo/XPO_0136330>		
<http://purl.obolibrary.org/obo/XPO_0136331>		
<http://purl.obolibrary.org/obo/XPO_0136332>		
<http://purl.obolibrary.org/obo/XPO_0136333>		
<http://purl.obolibrary.org/obo/XPO_0136355>		
<http://purl.obolibrary.org/obo/XPO_0136356>		
<http://purl.obolibrary.org/obo/XPO_0136385>		
<http://purl.obolibrary.org/obo/XPO_0136399>		
<http://purl.obolibrary.org/obo/XPO_0136433>		
<http://purl.obolibrary.org/obo/XPO_0136434>		
<http://purl.obolibrary.org/obo/XPO_0136435>		
<http://purl.obolibrary.org/obo/XPO_0136436>		
<http://purl.obolibrary.org/obo/XPO_0136438>		
<http://purl.obolibrary.org/obo/XPO_0136439>		
<http://purl.obolibrary.org/obo/XPO_0136448>		
<http://purl.obolibrary.org/obo/XPO_0136454>		
<http://purl.obolibrary.org/obo/XPO_0136469>		
<http://purl.obolibrary.org/obo/XPO_0136539>		
<http://purl.obolibrary.org/obo/XPO_0136540>		
<http://purl.obolibrary.org/obo/XPO_0136553>		
<http://purl.obolibrary.org/obo/XPO_0136554>		
<http://purl.obolibrary.org/obo/XPO_0136565>		
<http://purl.obolibrary.org/obo/XPO_0136566>		
<http://purl.obolibrary.org/obo/XPO_0136569>		
<http://purl.obolibrary.org/obo/XPO_0136571>		
<http://purl.obolibrary.org/obo/XPO_0136572>		
<http://purl.obolibrary.org/obo/XPO_0136573>		
<http://purl.obolibrary.org/obo/XPO_0136577>		
<http://purl.obolibrary.org/obo/XPO_0136583>		
<http://purl.obolibrary.org/obo/XPO_0136597>		
<http://purl.obolibrary.org/obo/XPO_0136598>		
<http://purl.obolibrary.org/obo/XPO_0136599>		
<http://purl.obolibrary.org/obo/XPO_0136603>		
<http://purl.obolibrary.org/obo/XPO_0136604>		
<http://purl.obolibrary.org/obo/XPO_0136605>		
<http://purl.obolibrary.org/obo/XPO_0136808>		
<http://purl.obolibrary.org/obo/XPO_0136815>		
<http://purl.obolibrary.org/obo/XPO_0136816>		
<http://purl.obolibrary.org/obo/XPO_0136827>		
<http://purl.obolibrary.org/obo/XPO_0136854>		
<http://purl.obolibrary.org/obo/XPO_0137554>		
<http://purl.obolibrary.org/obo/XPO_0137555>		
<http://purl.obolibrary.org/obo/XPO_0137556>		
<http://purl.obolibrary.org/obo/XPO_0137723>		
<http://purl.obolibrary.org/obo/XPO_0137748>		
<http://purl.obolibrary.org/obo/XPO_0137855>		
<http://purl.obolibrary.org/obo/XPO_0137856>		
<http://purl.obolibrary.org/obo/XPO_0137876>		
<http://purl.obolibrary.org/obo/XPO_0137877>		
<http://purl.obolibrary.org/obo/XPO_0137878>		
<http://purl.obolibrary.org/obo/XPO_0137879>		
<http://purl.obolibrary.org/obo/XPO_0137880>		
<http://purl.obolibrary.org/obo/XPO_0137881>		
<http://purl.obolibrary.org/obo/XPO_0137882>		
<http://purl.obolibrary.org/obo/XPO_0137883>		
<http://purl.obolibrary.org/obo/XPO_0137884>		
<http://purl.obolibrary.org/obo/XPO_0137906>		
<http://purl.obolibrary.org/obo/XPO_0137907>		
<http://purl.obolibrary.org/obo/XPO_0137936>		
<http://purl.obolibrary.org/obo/XPO_0137950>		
<http://purl.obolibrary.org/obo/XPO_0137984>		
<http://purl.obolibrary.org/obo/XPO_0137985>		
<http://purl.obolibrary.org/obo/XPO_0137986>		
<http://purl.obolibrary.org/obo/XPO_0137987>		
<http://purl.obolibrary.org/obo/XPO_0137989>		
<http://purl.obolibrary.org/obo/XPO_0137990>		
<http://purl.obolibrary.org/obo/XPO_0137999>		
<http://purl.obolibrary.org/obo/XPO_0138005>		
<http://purl.obolibrary.org/obo/XPO_0138020>		
<http://purl.obolibrary.org/obo/XPO_0138090>		
<http://purl.obolibrary.org/obo/XPO_0138091>		
<http://purl.obolibrary.org/obo/XPO_0138104>		
<http://purl.obolibrary.org/obo/XPO_0138105>		
<http://purl.obolibrary.org/obo/XPO_0138116>		
<http://purl.obolibrary.org/obo/XPO_0138117>		
<http://purl.obolibrary.org/obo/XPO_0138120>		
<http://purl.obolibrary.org/obo/XPO_0138122>		
<http://purl.obolibrary.org/obo/XPO_0138123>		
<http://purl.obolibrary.org/obo/XPO_0138124>		
<http://purl.obolibrary.org/obo/XPO_0138128>		
<http://purl.obolibrary.org/obo/XPO_0138134>		
<http://purl.obolibrary.org/obo/XPO_0138148>		
<http://purl.obolibrary.org/obo/XPO_0138149>		
<http://purl.obolibrary.org/obo/XPO_0138150>		
<http://purl.obolibrary.org/obo/XPO_0138154>		
<http://purl.obolibrary.org/obo/XPO_0138155>		
<http://purl.obolibrary.org/obo/XPO_0138156>		
<http://purl.obolibrary.org/obo/XPO_0138359>		
<http://purl.obolibrary.org/obo/XPO_0138366>		
<http://purl.obolibrary.org/obo/XPO_0138367>		
<http://purl.obolibrary.org/obo/XPO_0138378>		
<http://purl.obolibrary.org/obo/XPO_0138405>		
<http://purl.obolibrary.org/obo/XPO_0139105>		
<http://purl.obolibrary.org/obo/XPO_0139106>		
<http://purl.obolibrary.org/obo/XPO_0139107>		
<http://purl.obolibrary.org/obo/XPO_0139274>		
<http://purl.obolibrary.org/obo/XPO_0139299>		
<http://purl.obolibrary.org/obo/XPO_0139406>		
<http://purl.obolibrary.org/obo/XPO_0139407>		
<http://purl.obolibrary.org/obo/XPO_0139427>		
<http://purl.obolibrary.org/obo/XPO_0139428>		
<http://purl.obolibrary.org/obo/XPO_0139429>		
<http://purl.obolibrary.org/obo/XPO_0139430>		
<http://purl.obolibrary.org/obo/XPO_0139431>		
<http://purl.obolibrary.org/obo/XPO_0139432>		
<http://purl.obolibrary.org/obo/XPO_0139433>		
<http://purl.obolibrary.org/obo/XPO_0139434>		
<http://purl.obolibrary.org/obo/XPO_0139435>		
<http://purl.obolibrary.org/obo/XPO_0139457>		
<http://purl.obolibrary.org/obo/XPO_0139458>		
<http://purl.obolibrary.org/obo/XPO_0139487>		
<http://purl.obolibrary.org/obo/XPO_0139501>		
<http://purl.obolibrary.org/obo/XPO_0139535>		
<http://purl.obolibrary.org/obo/XPO_0139536>		
<http://purl.obolibrary.org/obo/XPO_0139537>		
<http://purl.obolibrary.org/obo/XPO_0139538>		
<http://purl.obolibrary.org/obo/XPO_0139540>		
<http://purl.obolibrary.org/obo/XPO_0139541>		
<http://purl.obolibrary.org/obo/XPO_0139550>		
<http://purl.obolibrary.org/obo/XPO_0139556>		
<http://purl.obolibrary.org/obo/XPO_0139571>		
<http://purl.obolibrary.org/obo/XPO_0139641>		
<http://purl.obolibrary.org/obo/XPO_0139642>		
<http://purl.obolibrary.org/obo/XPO_0139655>		
<http://purl.obolibrary.org/obo/XPO_0139656>		
<http://purl.obolibrary.org/obo/XPO_0139667>		
<http://purl.obolibrary.org/obo/XPO_0139668>		
<http://purl.obolibrary.org/obo/XPO_0139671>		
<http://purl.obolibrary.org/obo/XPO_0139673>		
<http://purl.obolibrary.org/obo/XPO_0139674>		
<http://purl.obolibrary.org/obo/XPO_0139675>		
<http://purl.obolibrary.org/obo/XPO_0139679>		
<http://purl.obolibrary.org/obo/XPO_0139685>		
<http://purl.obolibrary.org/obo/XPO_0139699>		
<http://purl.obolibrary.org/obo/XPO_0139700>		
<http://purl.obolibrary.org/obo/XPO_0139701>		
<http://purl.obolibrary.org/obo/XPO_0139705>		
<http://purl.obolibrary.org/obo/XPO_0139706>		
<http://purl.obolibrary.org/obo/XPO_0139707>		
<http://purl.obolibrary.org/obo/XPO_0139788>		
<http://purl.obolibrary.org/obo/XPO_0139789>		
<http://purl.obolibrary.org/obo/XPO_0139790>		
<http://purl.obolibrary.org/obo/XPO_0139861>		
<http://purl.obolibrary.org/obo/XPO_0139874>		
<http://purl.obolibrary.org/obo/XPO_0139941>		
<http://purl.obolibrary.org/obo/XPO_0140031>		
<http://purl.obolibrary.org/obo/XPO_0140118>		
<http://purl.obolibrary.org/obo/XPO_0140141>		
<http://purl.obolibrary.org/obo/XPO_0140171>		
<http://purl.obolibrary.org/obo/XPO_0140189>		
<http://purl.obolibrary.org/obo/XPO_0140231>		
<http://purl.obolibrary.org/obo/XPO_0140261>		
<http://purl.obolibrary.org/obo/XPO_0140293>		
<http://purl.obolibrary.org/obo/XPO_0140295>		
<http://purl.obolibrary.org/obo/XPO_0140334>		
<http://purl.obolibrary.org/obo/XPO_0140356>		
<http://purl.obolibrary.org/obo/XPO_0140382>		
<http://purl.obolibrary.org/obo/XPO_0140399>		
<http://purl.obolibrary.org/obo/XPO_0140426>		
<http://purl.obolibrary.org/obo/XPO_0140483>		
<http://purl.obolibrary.org/obo/XPO_0140499>		
<http://purl.obolibrary.org/obo/XPO_0140535>		
<http://purl.obolibrary.org/obo/XPO_0140607>		
<http://purl.obolibrary.org/obo/XPO_0140611>		
<http://purl.obolibrary.org/obo/XPO_0140638>		
<http://purl.obolibrary.org/obo/XPO_0140695>		
<http://purl.obolibrary.org/obo/XPO_0140703>		
<http://purl.obolibrary.org/obo/XPO_0140707>		
<http://purl.obolibrary.org/obo/XPO_0140710>		
<http://purl.obolibrary.org/obo/XPO_0140771>		
<http://purl.obolibrary.org/obo/XPO_0140778>		
<http://purl.obolibrary.org/obo/XPO_0140784>		
<http://purl.obolibrary.org/obo/XPO_0140796>		
<http://purl.obolibrary.org/obo/XPO_0140807>		
<http://purl.obolibrary.org/obo/XPO_0140811>		
<http://purl.obolibrary.org/obo/XPO_0140935>		
<http://purl.obolibrary.org/obo/XPO_0140936>		
<http://purl.obolibrary.org/obo/XPO_0140962>		
<http://purl.obolibrary.org/obo/XPO_0140977>		
<http://purl.obolibrary.org/obo/XPO_0140978>		
<http://purl.obolibrary.org/obo/XPO_0140984>		
<http://purl.obolibrary.org/obo/XPO_0141042>		
<http://purl.obolibrary.org/obo/XPO_0141074>		
<http://purl.obolibrary.org/obo/XPO_0141115>		
<http://purl.obolibrary.org/obo/XPO_0141127>		
<http://purl.obolibrary.org/obo/XPO_0141129>		
<http://purl.obolibrary.org/obo/XPO_0141160>		
<http://purl.obolibrary.org/obo/XPO_0141161>		
<http://purl.obolibrary.org/obo/XPO_0141175>		
<http://purl.obolibrary.org/obo/XPO_0141177>		
<http://purl.obolibrary.org/obo/XPO_0141215>		
<http://purl.obolibrary.org/obo/XPO_0141317>		
<http://purl.obolibrary.org/obo/XPO_0141585>		
